[{"model": "core.dept", "pk": "2a0a2a88-42a4-4ab5-9eff-c21d59a03d40", "fields": {"sys_creator": "a0000000-0000-0000-0000-000000000001", "sys_create_datetime": "2026-01-05T08:07:29.455", "sys_modifier": null, "sys_update_datetime": "2026-01-05T08:07:29.455", "is_deleted": false, "sort": 1, "name": "2024", "dept_type": "department", "phone": null, "email": null, "status": true, "description": null, "code": null, "parent": null, "lead": null, "level": 0, "path": "/"}}, {"model": "core.dept", "pk": "55e04a6a-c6da-44b6-adf2-c3eec7cfe9a7", "fields": {"sys_creator": "a0000000-0000-0000-0000-000000000001", "sys_create_datetime": "2026-01-05T08:57:10.154", "sys_modifier": null, "sys_update_datetime": "2026-01-05T08:57:10.154", "is_deleted": false, "sort": 1, "name": "新生赛出题组", "dept_type": "department", "phone": null, "email": null, "status": true, "description": null, "code": null, "parent": "f8d0bdf2-3c1c-4388-86e9-fe5f979269cb", "lead": "a0000000-0000-0000-0000-000000000001", "level": 1, "path": "/f8d0bdf2-3c1c-4388-86e9-fe5f979269cb/"}}, {"model": "core.dept", "pk": "f8d0bdf2-3c1c-4388-86e9-fe5f979269cb", "fields": {"sys_creator": "a0000000-0000-0000-0000-000000000001", "sys_create_datetime": "2026-01-05T08:06:13.369", "sys_modifier": null, "sys_update_datetime": "2026-01-05T08:06:13.369", "is_deleted": false, "sort": 1, "name": "2023", "dept_type": "department", "phone": null, "email": null, "status": true, "description": null, "code": null, "parent": null, "lead": "a0000000-0000-0000-0000-000000000001", "level": 0, "path": "/"}}, {"model": "core.menu", "pk": "00b2f8a8-5ca2-4502-b4c6-60b87db76979", "fields": {"sys_creator": null, "sys_create_datetime": "2026-01-07T13:02:33.066", "sys_modifier": null, "sys_update_datetime": "2026-01-07T13:03:16.083", "is_deleted": false, "sort": 0, "parent": null, "name": "排名分析", "title": "排名分析", "authCode": null, "path": "/rank", "type": "catalog", "component": null, "redirect": null, "activePath": null, "query": null, "noBasicLayout": false, "icon": "lucide:airplay", "activeIcon": null, "order": 9, "hideInMenu": false, "hideChildrenInMenu": false, "hideInBreadcrumb": false, "hideInTab": false, "affixTab": false, "affixTabOrder": null, "keepAlive": false, "maxNumOfOpenTab": null, "link": null, "iframeSrc": null, "openInNewWindow": false, "badge": null, "badgeType": null, "badgeVariants": null}}, {"model": "core.menu", "pk": "0cbf5003-3fe1-4e55-a7c0-abbd763b2088", "fields": {"sys_creator": "a0000000-0000-0000-0000-000000000001", "sys_create_datetime": "2025-12-31T23:23:29.370", "sys_modifier": null, "sys_update_datetime": "2026-01-01T14:09:49.573", "is_deleted": false, "sort": 0, "parent": "5e134b85-e1cb-4a59-b790-7931513380ca", "name": "新增问题", "title": "新增问题", "authCode": null, "path": "/problem/problemCreate", "type": "menu", "component": "/problem/ProblemCreate", "redirect": null, "activePath": null, "query": null, "noBasicLayout": false, "icon": "lucide:book", "activeIcon": "carbon:add-alt", "order": 0, "hideInMenu": false, "hideChildrenInMenu": false, "hideInBreadcrumb": false, "hideInTab": false, "affixTab": false, "affixTabOrder": null, "keepAlive": false, "maxNumOfOpenTab": null, "link": null, "iframeSrc": null, "openInNewWindow": false, "badge": null, "badgeType": null, "badgeVariants": null}}, {"model": "core.menu", "pk": "1cdf0423-d881-46b5-8c2c-e7f3118c43b2", "fields": {"sys_creator": "a0000000-0000-0000-0000-000000000001", "sys_create_datetime": "2025-11-18T16:17:28.150", "sys_modifier": null, "sys_update_datetime": "2025-12-31T09:20:42.695", "is_deleted": false, "sort": 0, "parent": "71b9bc2d-ed9d-4c47-8bf9-bf5c28ed67e5", "name": "DatabaseMonitor", "title": "menu-title.databaseMonitoring", "authCode": null, "path": "/monitor/database", "type": "menu", "component": "/_core/database-monitor/index", "redirect": null, "activePath": null, "query": null, "noBasicLayout": false, "icon": "carbon:db2-database", "activeIcon": null, "order": 0, "hideInMenu": false, "hideChildrenInMenu": false, "hideInBreadcrumb": false, "hideInTab": false, "affixTab": false, "affixTabOrder": null, "keepAlive": false, "maxNumOfOpenTab": null, "link": null, "iframeSrc": null, "openInNewWindow": false, "badge": null, "badgeType": null, "badgeVariants": null}}, {"model": "core.menu", "pk": "2533dcce-32f9-45bd-ae7d-399c3c0626bb", "fields": {"sys_creator": "a0000000-0000-0000-0000-000000000001", "sys_create_datetime": "2025-11-12T23:25:36.777", "sys_modifier": null, "sys_update_datetime": "2025-12-31T09:18:24.450", "is_deleted": false, "sort": 0, "parent": "649e92e6-c2d5-4458-9c5f-03ee68bd3328", "name": "scheduledTasks", "title": "menu-title.scheduledTasks", "authCode": null, "path": "/tool/schedule", "type": "menu", "component": "/_core/scheduler/index", "redirect": null, "activePath": null, "query": null, "noBasicLayout": false, "icon": "carbon:align-horizontal-center", "activeIcon": null, "order": 0, "hideInMenu": false, "hideChildrenInMenu": false, "hideInBreadcrumb": false, "hideInTab": false, "affixTab": false, "affixTabOrder": null, "keepAlive": false, "maxNumOfOpenTab": null, "link": null, "iframeSrc": null, "openInNewWindow": false, "badge": null, "badgeType": null, "badgeVariants": null}}, {"model": "core.menu", "pk": "2c03f7a0-f4b5-43a9-94ec-76516830b9db", "fields": {"sys_creator": "81460c47-b26a-421e-8f8a-435a0b36245a", "sys_create_datetime": "2025-11-08T13:37:39.933", "sys_modifier": null, "sys_update_datetime": "2025-12-31T01:41:56.867", "is_deleted": false, "sort": 0, "parent": null, "name": "新系统管理", "title": "menu-title.systemManagement", "authCode": null, "path": "/core", "type": "catalog", "component": null, "redirect": null, "activePath": null, "query": null, "noBasicLayout": false, "icon": "carbon:arrange-horizontal", "activeIcon": null, "order": 2, "hideInMenu": false, "hideChildrenInMenu": false, "hideInBreadcrumb": false, "hideInTab": false, "affixTab": false, "affixTabOrder": null, "keepAlive": false, "maxNumOfOpenTab": null, "link": null, "iframeSrc": null, "openInNewWindow": false, "badge": null, "badgeType": null, "badgeVariants": null}}, {"model": "core.menu", "pk": "2cc423ac-7054-4bf7-a01c-2dc7f0786cea", "fields": {"sys_creator": null, "sys_create_datetime": "2025-11-02T20:22:12.669", "sys_modifier": null, "sys_update_datetime": "2025-12-31T01:41:18.147", "is_deleted": false, "sort": 0, "parent": "e300d38e-ad57-4305-bffb-8aabfb594e48", "name": "Workspace", "title": "menu-title.workspace", "authCode": null, "path": "/workspace", "type": "menu", "component": "/dashboard/workspace/index", "redirect": null, "activePath": null, "query": null, "noBasicLayout": false, "icon": "carbon:workspace", "activeIcon": null, "order": 0, "hideInMenu": false, "hideChildrenInMenu": false, "hideInBreadcrumb": false, "hideInTab": false, "affixTab": false, "affixTabOrder": null, "keepAlive": false, "maxNumOfOpenTab": null, "link": null, "iframeSrc": null, "openInNewWindow": false, "badge": null, "badgeType": null, "badgeVariants": null}}, {"model": "core.menu", "pk": "3721fe72-1471-47e5-a5cc-a39d60bdcf4b", "fields": {"sys_creator": "81460c47-b26a-421e-8f8a-435a0b36245a", "sys_create_datetime": "2025-11-08T13:38:26.765", "sys_modifier": null, "sys_update_datetime": "2025-12-31T09:15:22.149", "is_deleted": false, "sort": 0, "parent": "2c03f7a0-f4b5-43a9-94ec-76516830b9db", "name": "SystemPost", "title": "menu-title.positionManagement", "authCode": null, "path": "/system/post", "type": "menu", "component": "/_core/post/index", "redirect": null, "activePath": null, "query": null, "noBasicLayout": false, "icon": "carbon:align-box-middle-left", "activeIcon": null, "order": 2, "hideInMenu": false, "hideChildrenInMenu": false, "hideInBreadcrumb": false, "hideInTab": false, "affixTab": false, "affixTabOrder": null, "keepAlive": false, "maxNumOfOpenTab": null, "link": null, "iframeSrc": null, "openInNewWindow": false, "badge": null, "badgeType": null, "badgeVariants": null}}, {"model": "core.menu", "pk": "3e5b751e-f0b0-4873-914a-2d317e9762a0", "fields": {"sys_creator": null, "sys_create_datetime": "2025-12-18T21:00:15.390", "sys_modifier": null, "sys_update_datetime": "2025-12-31T09:28:55.891", "is_deleted": false, "sort": 0, "parent": null, "name": "Message", "title": "menu-title.messageCenter", "authCode": null, "path": "/message", "type": "catalog", "component": null, "redirect": null, "activePath": null, "query": null, "noBasicLayout": false, "icon": "carbon:email", "activeIcon": null, "order": 6, "hideInMenu": false, "hideChildrenInMenu": false, "hideInBreadcrumb": false, "hideInTab": false, "affixTab": false, "affixTabOrder": null, "keepAlive": false, "maxNumOfOpenTab": null, "link": null, "iframeSrc": null, "openInNewWindow": false, "badge": null, "badgeType": null, "badgeVariants": null}}, {"model": "core.menu", "pk": "54ac6739-7f2d-45f4-bad9-ed93efa454a1", "fields": {"sys_creator": null, "sys_create_datetime": "2026-01-06T09:32:14.193", "sys_modifier": null, "sys_update_datetime": "2026-01-06T09:32:56.558", "is_deleted": false, "sort": 0, "parent": "7ac607d5-f23f-47bd-94eb-cccd8541ff47", "name": "比赛列表", "title": "比赛列表", "authCode": null, "path": "/contest/contestView", "type": "menu", "component": "/contest/contestView", "redirect": null, "activePath": null, "query": null, "noBasicLayout": false, "icon": "lucide:calendar-range", "activeIcon": null, "order": 1, "hideInMenu": false, "hideChildrenInMenu": false, "hideInBreadcrumb": false, "hideInTab": false, "affixTab": false, "affixTabOrder": null, "keepAlive": false, "maxNumOfOpenTab": null, "link": null, "iframeSrc": null, "openInNewWindow": false, "badge": null, "badgeType": null, "badgeVariants": null}}, {"model": "core.menu", "pk": "5654405b-f168-4851-8ba2-11f29015abec", "fields": {"sys_creator": null, "sys_create_datetime": "2025-12-18T21:09:20.449", "sys_modifier": null, "sys_update_datetime": "2025-12-31T09:29:15.626", "is_deleted": false, "sort": 0, "parent": "3e5b751e-f0b0-4873-914a-2d317e9762a0", "name": "AnnouncementList", "title": "menu-title.announcementList", "authCode": null, "path": "/message/announcement-list", "type": "menu", "component": "/_core/announcement/list", "redirect": null, "activePath": null, "query": null, "noBasicLayout": false, "icon": "lucide:megaphone", "activeIcon": null, "order": 0, "hideInMenu": false, "hideChildrenInMenu": false, "hideInBreadcrumb": false, "hideInTab": false, "affixTab": false, "affixTabOrder": null, "keepAlive": false, "maxNumOfOpenTab": null, "link": null, "iframeSrc": null, "openInNewWindow": false, "badge": null, "badgeType": null, "badgeVariants": null}}, {"model": "core.menu", "pk": "59e09dcc-d92d-4dcc-860e-a67d421d1bf5", "fields": {"sys_creator": "a0000000-0000-0000-0000-000000000001", "sys_create_datetime": "2026-01-05T13:21:08.732", "sys_modifier": null, "sys_update_datetime": "2026-01-06T09:22:59.360", "is_deleted": false, "sort": 0, "parent": "7ac607d5-f23f-47bd-94eb-cccd8541ff47", "name": "用户组管理", "title": "用户组管理", "authCode": null, "path": "/contest/userGroup", "type": "menu", "component": "/contest/userGroup", "redirect": null, "activePath": null, "query": null, "noBasicLayout": false, "icon": "lucide:calendar-sync", "activeIcon": null, "order": 0, "hideInMenu": false, "hideChildrenInMenu": false, "hideInBreadcrumb": false, "hideInTab": false, "affixTab": false, "affixTabOrder": null, "keepAlive": false, "maxNumOfOpenTab": null, "link": null, "iframeSrc": null, "openInNewWindow": false, "badge": null, "badgeType": null, "badgeVariants": null}}, {"model": "core.menu", "pk": "5e134b85-e1cb-4a59-b790-7931513380ca", "fields": {"sys_creator": "a0000000-0000-0000-0000-000000000001", "sys_create_datetime": "2025-12-31T22:11:59.432", "sys_modifier": null, "sys_update_datetime": "2026-01-01T14:09:40.480", "is_deleted": false, "sort": 0, "parent": null, "name": "问题管理", "title": "问题管理", "authCode": null, "path": "/problem", "type": "catalog", "component": null, "redirect": null, "activePath": null, "query": null, "noBasicLayout": false, "icon": "lucide:book-audio", "activeIcon": "carbon:add-alt", "order": 8, "hideInMenu": false, "hideChildrenInMenu": false, "hideInBreadcrumb": false, "hideInTab": false, "affixTab": false, "affixTabOrder": null, "keepAlive": false, "maxNumOfOpenTab": null, "link": null, "iframeSrc": null, "openInNewWindow": false, "badge": null, "badgeType": null, "badgeVariants": null}}, {"model": "core.menu", "pk": "60c09806-c2a5-456c-9809-748692385cda", "fields": {"sys_creator": null, "sys_create_datetime": "2026-01-07T14:14:30.767", "sys_modifier": null, "sys_update_datetime": "2026-01-07T14:14:58.350", "is_deleted": false, "sort": 0, "parent": "00b2f8a8-5ca2-4502-b4c6-60b87db76979", "name": "排名面板", "title": "排名面板", "authCode": null, "path": "/rank/", "type": "menu", "component": "/neo4j/dashboard", "redirect": null, "activePath": null, "query": null, "noBasicLayout": false, "icon": "lucide:align-end-horizontal", "activeIcon": null, "order": 1, "hideInMenu": false, "hideChildrenInMenu": false, "hideInBreadcrumb": false, "hideInTab": false, "affixTab": false, "affixTabOrder": null, "keepAlive": false, "maxNumOfOpenTab": null, "link": null, "iframeSrc": null, "openInNewWindow": false, "badge": null, "badgeType": null, "badgeVariants": null}}, {"model": "core.menu", "pk": "649e92e6-c2d5-4458-9c5f-03ee68bd3328", "fields": {"sys_creator": "a0000000-0000-0000-0000-000000000001", "sys_create_datetime": "2025-11-12T20:47:09.933", "sys_modifier": null, "sys_update_datetime": "2025-12-31T09:16:42.326", "is_deleted": false, "sort": 0, "parent": null, "name": "SystemTools", "title": "menu-title.systemTools", "authCode": null, "path": "/tool", "type": "catalog", "component": null, "redirect": null, "activePath": null, "query": null, "noBasicLayout": false, "icon": "carbon:task-tools", "activeIcon": "carbon:task-tools", "order": 3, "hideInMenu": false, "hideChildrenInMenu": false, "hideInBreadcrumb": false, "hideInTab": false, "affixTab": false, "affixTabOrder": null, "keepAlive": false, "maxNumOfOpenTab": null, "link": null, "iframeSrc": null, "openInNewWindow": false, "badge": null, "badgeType": null, "badgeVariants": null}}, {"model": "core.menu", "pk": "64b88233-6f9f-4fe0-b33f-4bb9a85211bf", "fields": {"sys_creator": null, "sys_create_datetime": "2025-12-18T21:10:47.800", "sys_modifier": null, "sys_update_datetime": "2025-12-31T09:29:38.486", "is_deleted": false, "sort": 0, "parent": "3e5b751e-f0b0-4873-914a-2d317e9762a0", "name": "AnnouncementManage", "title": "menu-title.announcementManagement", "authCode": null, "path": "/message/announcement", "type": "menu", "component": "/_core/announcement/index", "redirect": null, "activePath": null, "query": null, "noBasicLayout": false, "icon": "lucide:megaphone", "activeIcon": null, "order": 0, "hideInMenu": false, "hideChildrenInMenu": false, "hideInBreadcrumb": false, "hideInTab": false, "affixTab": false, "affixTabOrder": null, "keepAlive": false, "maxNumOfOpenTab": null, "link": null, "iframeSrc": null, "openInNewWindow": false, "badge": null, "badgeType": null, "badgeVariants": null}}, {"model": "core.menu", "pk": "6becb0ac-9c1d-408e-9ef9-04a3119e4b47", "fields": {"sys_creator": null, "sys_create_datetime": "2026-01-07T13:03:00.388", "sys_modifier": null, "sys_update_datetime": "2026-01-07T13:03:39.084", "is_deleted": false, "sort": 0, "parent": "00b2f8a8-5ca2-4502-b4c6-60b87db76979", "name": "排名上传", "title": "排名上传", "authCode": null, "path": "/rank/upload", "type": "menu", "component": "/neo4j/upload", "redirect": null, "activePath": null, "query": null, "noBasicLayout": false, "icon": "lucide:align-start-vertical", "activeIcon": null, "order": 0, "hideInMenu": false, "hideChildrenInMenu": false, "hideInBreadcrumb": false, "hideInTab": false, "affixTab": false, "affixTabOrder": null, "keepAlive": false, "maxNumOfOpenTab": null, "link": null, "iframeSrc": null, "openInNewWindow": false, "badge": null, "badgeType": null, "badgeVariants": null}}, {"model": "core.menu", "pk": "71b9bc2d-ed9d-4c47-8bf9-bf5c28ed67e5", "fields": {"sys_creator": "a0000000-0000-0000-0000-000000000001", "sys_create_datetime": "2025-11-17T22:30:25.767", "sys_modifier": null, "sys_update_datetime": "2025-12-31T09:19:14.730", "is_deleted": false, "sort": 0, "parent": null, "name": "SystemMonitoring", "title": "menu-title.systemMonitoring", "authCode": null, "path": "/monitor", "type": "catalog", "component": null, "redirect": null, "activePath": null, "query": null, "noBasicLayout": false, "icon": null, "activeIcon": null, "order": 3, "hideInMenu": false, "hideChildrenInMenu": false, "hideInBreadcrumb": false, "hideInTab": false, "affixTab": false, "affixTabOrder": null, "keepAlive": false, "maxNumOfOpenTab": null, "link": null, "iframeSrc": null, "openInNewWindow": false, "badge": null, "badgeType": null, "badgeVariants": null}}, {"model": "core.menu", "pk": "748c6053-a261-4ddf-b64b-cdc5517f0b21", "fields": {"sys_creator": "a0000000-0000-0000-0000-000000000001", "sys_create_datetime": "2026-01-02T15:22:48.273", "sys_modifier": null, "sys_update_datetime": "2026-01-02T17:57:35.140", "is_deleted": false, "sort": 0, "parent": "5e134b85-e1cb-4a59-b790-7931513380ca", "name": "标签管理", "title": "标签管理", "authCode": null, "path": "/problem/", "type": "menu", "component": "/problem/tagControl", "redirect": null, "activePath": null, "query": null, "noBasicLayout": false, "icon": "lucide:bookmark", "activeIcon": null, "order": 2, "hideInMenu": false, "hideChildrenInMenu": false, "hideInBreadcrumb": false, "hideInTab": false, "affixTab": false, "affixTabOrder": null, "keepAlive": false, "maxNumOfOpenTab": null, "link": null, "iframeSrc": null, "openInNewWindow": false, "badge": null, "badgeType": null, "badgeVariants": null}}, {"model": "core.menu", "pk": "7ac607d5-f23f-47bd-94eb-cccd8541ff47", "fields": {"sys_creator": "a0000000-0000-0000-0000-000000000001", "sys_create_datetime": "2026-01-05T13:18:44.552", "sys_modifier": null, "sys_update_datetime": "2026-01-05T13:20:34.943", "is_deleted": false, "sort": 0, "parent": null, "name": "竞赛管理", "title": "竞赛管理", "authCode": null, "path": "/contest", "type": "catalog", "component": null, "redirect": null, "activePath": null, "query": null, "noBasicLayout": false, "icon": "lucide:calendar-clock", "activeIcon": null, "order": 9, "hideInMenu": false, "hideChildrenInMenu": false, "hideInBreadcrumb": false, "hideInTab": false, "affixTab": false, "affixTabOrder": null, "keepAlive": false, "maxNumOfOpenTab": null, "link": null, "iframeSrc": null, "openInNewWindow": false, "badge": null, "badgeType": null, "badgeVariants": null}}, {"model": "core.menu", "pk": "8205f4fa-b7de-49d7-9f5f-440047ec3d42", "fields": {"sys_creator": "a0000000-0000-0000-0000-000000000001", "sys_create_datetime": "2025-11-18T00:03:20.220", "sys_modifier": null, "sys_update_datetime": "2025-12-31T09:19:49.719", "is_deleted": false, "sort": 0, "parent": "71b9bc2d-ed9d-4c47-8bf9-bf5c28ed67e5", "name": "RedisMoniter", "title": "menu-title.redisMonitoring", "authCode": null, "path": "/moniter/redis", "type": "menu", "component": "/_core/redis-monitor/index", "redirect": null, "activePath": null, "query": null, "noBasicLayout": false, "icon": "carbon:database-redis", "activeIcon": null, "order": 0, "hideInMenu": false, "hideChildrenInMenu": false, "hideInBreadcrumb": false, "hideInTab": false, "affixTab": false, "affixTabOrder": null, "keepAlive": false, "maxNumOfOpenTab": null, "link": null, "iframeSrc": null, "openInNewWindow": false, "badge": null, "badgeType": null, "badgeVariants": null}}, {"model": "core.menu", "pk": "885deb1f-e0fa-4d36-a96c-f4c9486d182d", "fields": {"sys_creator": "a0000000-0000-0000-0000-000000000001", "sys_create_datetime": "2025-11-18T22:48:38.323", "sys_modifier": null, "sys_update_datetime": "2025-12-31T09:22:18.376", "is_deleted": false, "sort": 0, "parent": "99a92f38-8326-410f-9722-44d209f0efb5", "name": "RedisManagement", "title": "menu-title.redisManagement", "authCode": null, "path": "/database/redis", "type": "menu", "component": "/_core/redis-manager/index", "redirect": null, "activePath": null, "query": null, "noBasicLayout": false, "icon": "carbon:database-redis", "activeIcon": null, "order": 0, "hideInMenu": false, "hideChildrenInMenu": false, "hideInBreadcrumb": false, "hideInTab": false, "affixTab": false, "affixTabOrder": null, "keepAlive": false, "maxNumOfOpenTab": null, "link": null, "iframeSrc": null, "openInNewWindow": false, "badge": null, "badgeType": null, "badgeVariants": null}}, {"model": "core.menu", "pk": "94554e82-fab4-4da0-83ae-3699e343d528", "fields": {"sys_creator": "81460c47-b26a-421e-8f8a-435a0b36245a", "sys_create_datetime": "2025-11-08T21:15:27.080", "sys_modifier": null, "sys_update_datetime": "2025-12-31T01:42:13.635", "is_deleted": false, "sort": 0, "parent": "2c03f7a0-f4b5-43a9-94ec-76516830b9db", "name": "新用户管理", "title": "menu-title.userManagement", "authCode": null, "path": "/system/user", "type": "menu", "component": "/_core/user/index", "redirect": null, "activePath": null, "query": null, "noBasicLayout": false, "icon": "carbon:user-multiple", "activeIcon": null, "order": 0, "hideInMenu": false, "hideChildrenInMenu": false, "hideInBreadcrumb": false, "hideInTab": false, "affixTab": false, "affixTabOrder": null, "keepAlive": false, "maxNumOfOpenTab": null, "link": null, "iframeSrc": null, "openInNewWindow": false, "badge": null, "badgeType": null, "badgeVariants": null}}, {"model": "core.menu", "pk": "945eb98d-c75c-4792-ae60-07742e83ade8", "fields": {"sys_creator": "81460c47-b26a-421e-8f8a-435a0b36245a", "sys_create_datetime": "2025-11-08T13:39:29.513", "sys_modifier": null, "sys_update_datetime": "2025-12-31T09:14:41.821", "is_deleted": false, "sort": 0, "parent": "2c03f7a0-f4b5-43a9-94ec-76516830b9db", "name": "SystemMenu", "title": "menu-title.menuManagement", "authCode": null, "path": "/system/menu", "type": "menu", "component": "/_core/menu/index", "redirect": null, "activePath": null, "query": null, "noBasicLayout": false, "icon": "carbon:align-box-middle-right", "activeIcon": null, "order": 1, "hideInMenu": false, "hideChildrenInMenu": false, "hideInBreadcrumb": false, "hideInTab": false, "affixTab": false, "affixTabOrder": null, "keepAlive": true, "maxNumOfOpenTab": null, "link": null, "iframeSrc": null, "openInNewWindow": false, "badge": null, "badgeType": null, "badgeVariants": null}}, {"model": "core.menu", "pk": "99a92f38-8326-410f-9722-44d209f0efb5", "fields": {"sys_creator": "a0000000-0000-0000-0000-000000000001", "sys_create_datetime": "2025-11-18T22:47:16.031", "sys_modifier": null, "sys_update_datetime": "2025-12-31T09:21:21.180", "is_deleted": false, "sort": 0, "parent": null, "name": "DatabaseManagement", "title": "menu-title.databaseManagement", "authCode": null, "path": "/database", "type": "catalog", "component": null, "redirect": null, "activePath": null, "query": null, "noBasicLayout": false, "icon": "carbon:db2-data-sharing-group", "activeIcon": null, "order": 3, "hideInMenu": false, "hideChildrenInMenu": false, "hideInBreadcrumb": false, "hideInTab": false, "affixTab": false, "affixTabOrder": null, "keepAlive": false, "maxNumOfOpenTab": null, "link": null, "iframeSrc": null, "openInNewWindow": false, "badge": null, "badgeType": null, "badgeVariants": null}}, {"model": "core.menu", "pk": "9c0ab05c-3702-4003-b10b-c1a110d71ebb", "fields": {"sys_creator": "a0000000-0000-0000-0000-000000000001", "sys_create_datetime": "2025-11-22T12:22:38.211", "sys_modifier": null, "sys_update_datetime": "2025-12-31T09:17:07.539", "is_deleted": false, "sort": 0, "parent": "649e92e6-c2d5-4458-9c5f-03ee68bd3328", "name": "FileManager", "title": "menu-title.fileManagement", "authCode": null, "path": "/tool/file", "type": "menu", "component": "/_core/file-manager/index", "redirect": null, "activePath": null, "query": null, "noBasicLayout": false, "icon": "carbon:ibm-cloud-vpc-file-storage", "activeIcon": null, "order": 0, "hideInMenu": false, "hideChildrenInMenu": false, "hideInBreadcrumb": false, "hideInTab": false, "affixTab": false, "affixTabOrder": null, "keepAlive": false, "maxNumOfOpenTab": null, "link": null, "iframeSrc": null, "openInNewWindow": false, "badge": null, "badgeType": null, "badgeVariants": null}}, {"model": "core.menu", "pk": "a4e2df11-ed62-4941-a37c-4b9b538ca900", "fields": {"sys_creator": "a0000000-0000-0000-0000-000000000001", "sys_create_datetime": "2025-11-16T23:50:13.941", "sys_modifier": null, "sys_update_datetime": "2025-12-31T09:11:33.858", "is_deleted": false, "sort": 0, "parent": "d0000000-0000-0000-0000-000000000002", "name": "LoginLog", "title": "menu-title.loginLog", "authCode": null, "path": "/log/login-log", "type": "menu", "component": "/_core/login-log/index", "redirect": null, "activePath": null, "query": null, "noBasicLayout": false, "icon": "carbon:align-box-middle-center", "activeIcon": null, "order": 0, "hideInMenu": false, "hideChildrenInMenu": false, "hideInBreadcrumb": false, "hideInTab": false, "affixTab": false, "affixTabOrder": null, "keepAlive": false, "maxNumOfOpenTab": null, "link": null, "iframeSrc": null, "openInNewWindow": false, "badge": null, "badgeType": null, "badgeVariants": null}}, {"model": "core.menu", "pk": "ab1640ef-3dd3-47b8-84c4-8f8959017a35", "fields": {"sys_creator": "a0000000-0000-0000-0000-000000000001", "sys_create_datetime": "2025-12-31T23:45:23.644", "sys_modifier": null, "sys_update_datetime": "2026-01-02T17:57:22.865", "is_deleted": false, "sort": 0, "parent": "5e134b85-e1cb-4a59-b790-7931513380ca", "name": "问题列表", "title": "问题管理", "authCode": null, "path": "/problem/problemView", "type": "menu", "component": "/problem/problemViews", "redirect": null, "activePath": null, "query": null, "noBasicLayout": false, "icon": "lucide:book-check", "activeIcon": "carbon:book", "order": 1, "hideInMenu": false, "hideChildrenInMenu": false, "hideInBreadcrumb": false, "hideInTab": false, "affixTab": false, "affixTabOrder": null, "keepAlive": false, "maxNumOfOpenTab": null, "link": null, "iframeSrc": null, "openInNewWindow": false, "badge": null, "badgeType": null, "badgeVariants": null}}, {"model": "core.menu", "pk": "b1b635a6-4700-44d2-b696-d5ac4fe528cd", "fields": {"sys_creator": "a0000000-0000-0000-0000-000000000001", "sys_create_datetime": "2026-01-01T15:57:57.626", "sys_modifier": null, "sys_update_datetime": "2026-01-05T11:14:30.713", "is_deleted": false, "sort": 0, "parent": "5e134b85-e1cb-4a59-b790-7931513380ca", "name": "问题详情", "title": "问题详情", "authCode": null, "path": "/problem/problemDetail", "type": "menu", "component": "/problem/ProblemDetail", "redirect": null, "activePath": "/problem", "query": null, "noBasicLayout": false, "icon": "lucide:book-text", "activeIcon": null, "order": 3, "hideInMenu": true, "hideChildrenInMenu": false, "hideInBreadcrumb": false, "hideInTab": false, "affixTab": false, "affixTabOrder": null, "keepAlive": false, "maxNumOfOpenTab": null, "link": null, "iframeSrc": null, "openInNewWindow": false, "badge": null, "badgeType": null, "badgeVariants": null}}, {"model": "core.menu", "pk": "c378f14b-4a6c-4c1e-8b87-64488977df03", "fields": {"sys_creator": "81460c47-b26a-421e-8f8a-435a0b36245a", "sys_create_datetime": "2025-11-08T13:41:38.284", "sys_modifier": null, "sys_update_datetime": "2025-12-31T09:13:58.150", "is_deleted": false, "sort": 0, "parent": "2c03f7a0-f4b5-43a9-94ec-76516830b9db", "name": "SystemDept", "title": "menu-title.departmentManagement", "authCode": null, "path": "/system/dept", "type": "menu", "component": "/_core/dept/index", "redirect": null, "activePath": null, "query": null, "noBasicLayout": false, "icon": "carbon:arrange-vertical", "activeIcon": null, "order": 0, "hideInMenu": false, "hideChildrenInMenu": false, "hideInBreadcrumb": false, "hideInTab": false, "affixTab": false, "affixTabOrder": null, "keepAlive": false, "maxNumOfOpenTab": null, "link": null, "iframeSrc": null, "openInNewWindow": false, "badge": null, "badgeType": null, "badgeVariants": null}}, {"model": "core.menu", "pk": "c4b8daa0-7e1c-4039-9ada-949866117c9e", "fields": {"sys_creator": "81460c47-b26a-421e-8f8a-435a0b36245a", "sys_create_datetime": "2025-11-08T13:41:54.804", "sys_modifier": null, "sys_update_datetime": "2025-12-31T09:15:56.996", "is_deleted": false, "sort": 0, "parent": "2c03f7a0-f4b5-43a9-94ec-76516830b9db", "name": "SystemRole", "title": "menu-title.roleManagement", "authCode": null, "path": "/system/role", "type": "menu", "component": "/_core/role/index", "redirect": null, "activePath": null, "query": null, "noBasicLayout": false, "icon": "carbon:arrange", "activeIcon": null, "order": 4, "hideInMenu": false, "hideChildrenInMenu": false, "hideInBreadcrumb": false, "hideInTab": false, "affixTab": false, "affixTabOrder": null, "keepAlive": false, "maxNumOfOpenTab": null, "link": null, "iframeSrc": null, "openInNewWindow": false, "badge": null, "badgeType": null, "badgeVariants": null}}, {"model": "core.menu", "pk": "c5a3105e-a3bb-49b4-b856-2eb259bcc7b5", "fields": {"sys_creator": "a0000000-0000-0000-0000-000000000001", "sys_create_datetime": "2025-11-17T22:31:32.751", "sys_modifier": null, "sys_update_datetime": "2025-12-31T09:20:15.198", "is_deleted": false, "sort": 0, "parent": "71b9bc2d-ed9d-4c47-8bf9-bf5c28ed67e5", "name": "ServerMonitor", "title": "menu-title.serverMonitoring", "authCode": null, "path": "/monitor/server", "type": "menu", "component": "/_core/server-monitor/index", "redirect": null, "activePath": null, "query": null, "noBasicLayout": false, "icon": "carbon:bare-metal-server", "activeIcon": null, "order": 0, "hideInMenu": false, "hideChildrenInMenu": false, "hideInBreadcrumb": false, "hideInTab": false, "affixTab": false, "affixTabOrder": null, "keepAlive": false, "maxNumOfOpenTab": null, "link": null, "iframeSrc": null, "openInNewWindow": false, "badge": null, "badgeType": null, "badgeVariants": null}}, {"model": "core.menu", "pk": "c617757d-a3ed-4af0-b241-c79e0b780f4e", "fields": {"sys_creator": "a0000000-0000-0000-0000-000000000001", "sys_create_datetime": "2025-11-18T23:54:14.032", "sys_modifier": null, "sys_update_datetime": "2025-12-31T09:21:50.118", "is_deleted": false, "sort": 0, "parent": "99a92f38-8326-410f-9722-44d209f0efb5", "name": "RDBManagement", "title": "menu-title.dbManagement", "authCode": null, "path": "/database/rdbms", "type": "menu", "component": "/_core/database-manager/index", "redirect": null, "activePath": null, "query": null, "noBasicLayout": false, "icon": "carbon:db2-database", "activeIcon": null, "order": 0, "hideInMenu": false, "hideChildrenInMenu": false, "hideInBreadcrumb": false, "hideInTab": false, "affixTab": false, "affixTabOrder": null, "keepAlive": false, "maxNumOfOpenTab": null, "link": null, "iframeSrc": null, "openInNewWindow": false, "badge": null, "badgeType": null, "badgeVariants": null}}, {"model": "core.menu", "pk": "cc3490d6-5214-4ca4-a545-657075c3ba03", "fields": {"sys_creator": null, "sys_create_datetime": "2025-07-21T00:21:28.335", "sys_modifier": null, "sys_update_datetime": "2025-07-15T22:43:16.355", "is_deleted": true, "sort": 1, "parent": "cc3490d6-5214-4ca4-a545-657075c3ba03", "name": "资产管理", "title": "资产管理", "authCode": null, "path": "/asset", "type": "menu", "component": "/crm/asset/list", "redirect": null, "activePath": null, "query": null, "noBasicLayout": false, "icon": "carbon:task-asset-view", "activeIcon": null, "order": 0, "hideInMenu": false, "hideChildrenInMenu": false, "hideInBreadcrumb": false, "hideInTab": false, "affixTab": false, "affixTabOrder": null, "keepAlive": false, "maxNumOfOpenTab": null, "link": null, "iframeSrc": null, "openInNewWindow": false, "badge": null, "badgeType": null, "badgeVariants": null}}, {"model": "core.menu", "pk": "cd311be2-8f0f-473a-a21a-91ca02cf4e29", "fields": {"sys_creator": "a0000000-0000-0000-0000-000000000001", "sys_create_datetime": "2025-11-12T20:50:26.332", "sys_modifier": null, "sys_update_datetime": "2025-12-31T09:17:47.145", "is_deleted": false, "sort": 0, "parent": "649e92e6-c2d5-4458-9c5f-03ee68bd3328", "name": "SystemDict", "title": "menu-title.dictionaryManagement", "authCode": null, "path": "/tool/dict", "type": "menu", "component": "/_core/dict/index", "redirect": null, "activePath": null, "query": null, "noBasicLayout": false, "icon": "carbon:notebook", "activeIcon": "carbon:notebook", "order": 0, "hideInMenu": false, "hideChildrenInMenu": false, "hideInBreadcrumb": false, "hideInTab": false, "affixTab": false, "affixTabOrder": null, "keepAlive": false, "maxNumOfOpenTab": null, "link": null, "iframeSrc": null, "openInNewWindow": false, "badge": null, "badgeType": null, "badgeVariants": null}}, {"model": "core.menu", "pk": "d0000000-0000-0000-0000-000000000002", "fields": {"sys_creator": "a0000000-0000-0000-0000-000000000001", "sys_create_datetime": "2025-11-08T12:48:25.127", "sys_modifier": null, "sys_update_datetime": "2025-12-31T09:11:10.082", "is_deleted": false, "sort": 0, "parent": null, "name": "userCenter", "title": "menu-title.userCenter", "authCode": "user_center", "path": "/user-center", "type": "catalog", "component": "", "redirect": null, "activePath": null, "query": null, "noBasicLayout": false, "icon": "carbon:user-avatar", "activeIcon": null, "order": 2, "hideInMenu": false, "hideChildrenInMenu": false, "hideInBreadcrumb": false, "hideInTab": false, "affixTab": false, "affixTabOrder": null, "keepAlive": false, "maxNumOfOpenTab": null, "link": null, "iframeSrc": null, "openInNewWindow": false, "badge": null, "badgeType": null, "badgeVariants": null}}, {"model": "core.menu", "pk": "d0000000-0000-0000-0000-000000000011", "fields": {"sys_creator": "a0000000-0000-0000-0000-000000000001", "sys_create_datetime": "2025-11-08T12:48:25.127", "sys_modifier": null, "sys_update_datetime": "2025-12-31T09:12:42.401", "is_deleted": false, "sort": 0, "parent": "d0000000-0000-0000-0000-000000000002", "name": "userSettings", "title": "menu-title.accountSettings", "authCode": "user:settings", "path": "/user-center/settings", "type": "menu", "component": "/_core/account-settings/index", "redirect": null, "activePath": null, "query": null, "noBasicLayout": false, "icon": "carbon:settings-adjust", "activeIcon": null, "order": 2, "hideInMenu": false, "hideChildrenInMenu": false, "hideInBreadcrumb": false, "hideInTab": false, "affixTab": false, "affixTabOrder": null, "keepAlive": true, "maxNumOfOpenTab": null, "link": null, "iframeSrc": null, "openInNewWindow": false, "badge": null, "badgeType": null, "badgeVariants": null}}, {"model": "core.menu", "pk": "d91b6c8b-b600-4b9f-84f5-782c0e3ccdd2", "fields": {"sys_creator": null, "sys_create_datetime": "2025-07-10T10:27:41.115", "sys_modifier": null, "sys_update_datetime": "2026-01-06T14:28:15.024", "is_deleted": false, "sort": 0, "parent": "e300d38e-ad57-4305-bffb-8aabfb594e48", "name": "Analytics", "title": "menu-title.analytics", "authCode": null, "path": "/analytics", "type": "menu", "component": "/dashboard/analytics/index", "redirect": null, "activePath": null, "query": null, "noBasicLayout": false, "icon": "lucide:area-chart", "activeIcon": null, "order": 0, "hideInMenu": false, "hideChildrenInMenu": false, "hideInBreadcrumb": false, "hideInTab": false, "affixTab": false, "affixTabOrder": null, "keepAlive": false, "maxNumOfOpenTab": null, "link": null, "iframeSrc": null, "openInNewWindow": false, "badge": null, "badgeType": null, "badgeVariants": null}}, {"model": "core.menu", "pk": "e300d38e-ad57-4305-bffb-8aabfb594e48", "fields": {"sys_creator": null, "sys_create_datetime": "2025-07-10T10:04:36.097", "sys_modifier": null, "sys_update_datetime": "2025-12-31T01:39:51.978", "is_deleted": false, "sort": 0, "parent": null, "name": "Dashboard", "title": "menu-title.overview", "authCode": null, "path": "/dashboard", "type": "catalog", "component": null, "redirect": null, "activePath": null, "query": null, "noBasicLayout": false, "icon": "lucide:layout-dashboard", "activeIcon": null, "order": 1, "hideInMenu": false, "hideChildrenInMenu": false, "hideInBreadcrumb": false, "hideInTab": false, "affixTab": false, "affixTabOrder": null, "keepAlive": false, "maxNumOfOpenTab": null, "link": null, "iframeSrc": null, "openInNewWindow": false, "badge": null, "badgeType": null, "badgeVariants": null}}, {"model": "core.menu", "pk": "f9b48f00-f4f1-4a83-b074-ba9593dfac99", "fields": {"sys_creator": null, "sys_create_datetime": "2025-12-18T21:02:02.538", "sys_modifier": null, "sys_update_datetime": "2025-12-31T09:29:52.669", "is_deleted": false, "sort": 0, "parent": "3e5b751e-f0b0-4873-914a-2d317e9762a0", "name": "MessageList", "title": "menu-title.messageList", "authCode": null, "path": "/message/list", "type": "menu", "component": "/_core/message/index", "redirect": null, "activePath": null, "query": null, "noBasicLayout": false, "icon": "lucide:message-square-text", "activeIcon": null, "order": 0, "hideInMenu": false, "hideChildrenInMenu": false, "hideInBreadcrumb": false, "hideInTab": false, "affixTab": false, "affixTabOrder": null, "keepAlive": false, "maxNumOfOpenTab": null, "link": null, "iframeSrc": null, "openInNewWindow": false, "badge": null, "badgeType": null, "badgeVariants": null}}, {"model": "core.menu", "pk": "fe491c91-100a-4562-9d6c-36e044808a45", "fields": {"sys_creator": "81460c47-b26a-421e-8f8a-435a0b36245a", "sys_create_datetime": "2025-11-09T01:06:16.996", "sys_modifier": null, "sys_update_datetime": "2025-12-31T09:14:20.857", "is_deleted": false, "sort": 0, "parent": "2c03f7a0-f4b5-43a9-94ec-76516830b9db", "name": "SystemPermission", "title": "menu-title.permissionManagement", "authCode": null, "path": "/system/new-permission", "type": "menu", "component": "/_core/permission/index", "redirect": null, "activePath": null, "query": null, "noBasicLayout": false, "icon": "carbon:align-vertical-top", "activeIcon": null, "order": 0, "hideInMenu": false, "hideChildrenInMenu": false, "hideInBreadcrumb": false, "hideInTab": false, "affixTab": false, "affixTabOrder": null, "keepAlive": false, "maxNumOfOpenTab": null, "link": null, "iframeSrc": null, "openInNewWindow": false, "badge": null, "badgeType": null, "badgeVariants": null}}, {"model": "core.menu", "pk": "ff97065b-b83a-4c7c-a413-7fbf37eacdc9", "fields": {"sys_creator": null, "sys_create_datetime": "2026-01-06T12:32:50.595", "sys_modifier": null, "sys_update_datetime": "2026-01-06T13:47:39.347", "is_deleted": false, "sort": 0, "parent": "7ac607d5-f23f-47bd-94eb-cccd8541ff47", "name": "比赛题目", "title": "比赛题目", "authCode": null, "path": "/contest/contestDetail", "type": "menu", "component": "/contest/contestDetail", "redirect": null, "activePath": null, "query": null, "noBasicLayout": false, "icon": "lucide:calendar-cog", "activeIcon": null, "order": 2, "hideInMenu": true, "hideChildrenInMenu": false, "hideInBreadcrumb": false, "hideInTab": false, "affixTab": false, "affixTabOrder": null, "keepAlive": false, "maxNumOfOpenTab": null, "link": null, "iframeSrc": null, "openInNewWindow": false, "badge": null, "badgeType": null, "badgeVariants": null}}, {"model": "core.permission", "pk": "0628cd62-5452-4aa6-904f-19d1c618c39e", "fields": {"sys_creator": null, "sys_create_datetime": "2025-12-31T16:49:39.365", "sys_modifier": null, "sys_update_datetime": "2025-12-31T16:49:39.365", "is_deleted": false, "sort": 0, "menu": "94554e82-fab4-4da0-83ae-3699e343d528", "name": "更新个人信息（完全替换）", "code": "user:update_profile", "permission_type": 1, "api_path": "/api/core/user/profile", "http_method": 2, "description": "更新个人信息（完全替换）", "is_active": true}}, {"model": "core.permission", "pk": "0629ce6a-53db-46a6-8a04-776cdfdf5ad4", "fields": {"sys_creator": null, "sys_create_datetime": "2025-12-31T16:48:51.693", "sys_modifier": null, "sys_update_datetime": "2025-12-31T16:48:51.693", "is_deleted": false, "sort": 0, "menu": "fe491c91-100a-4562-9d6c-36e044808a45", "name": "获取权限列表（分页）", "code": "permission:read", "permission_type": 1, "api_path": "/api/core/permission", "http_method": 0, "description": "获取权限列表（分页）", "is_active": true}}, {"model": "core.permission", "pk": "0827778f-7fb5-4df7-84d3-1db8b3ec35b8", "fields": {"sys_creator": null, "sys_create_datetime": "2026-01-05T08:59:48.606", "sys_modifier": null, "sys_update_datetime": "2026-01-05T08:59:48.606", "is_deleted": false, "sort": 0, "menu": "5e134b85-e1cb-4a59-b790-7931513380ca", "name": "Getsolutions", "code": "{problem_id}:read_solutions", "permission_type": 1, "api_path": "/api/problem/{problem_id}/solutions", "http_method": 0, "description": "Getsolutions", "is_active": true}}, {"model": "core.permission", "pk": "0af6bd0e-8b35-4e31-b5ca-f7cf8902ef97", "fields": {"sys_creator": null, "sys_create_datetime": "2025-12-31T16:48:51.529", "sys_modifier": null, "sys_update_datetime": "2025-12-31T16:48:51.529", "is_deleted": false, "sort": 0, "menu": "fe491c91-100a-4562-9d6c-36e044808a45", "name": "创建权限", "code": "permission:create", "permission_type": 1, "api_path": "/api/core/permission", "http_method": 1, "description": "创建权限", "is_active": true}}, {"model": "core.permission", "pk": "0ecb8cb9-60b3-4c08-acca-6162578bbac6", "fields": {"sys_creator": null, "sys_create_datetime": "2025-12-31T16:47:57.941", "sys_modifier": null, "sys_update_datetime": "2025-12-31T16:47:57.941", "is_deleted": false, "sort": 0, "menu": "c378f14b-4a6c-4c1e-8b87-64488977df03", "name": "删除部门", "code": "dept:delete_{dept_id}", "permission_type": 1, "api_path": "/api/core/dept/{dept_id}", "http_method": 3, "description": "删除部门", "is_active": true}}, {"model": "core.permission", "pk": "0f4ebdce-24ed-44bb-99c7-1f8fd314cf17", "fields": {"sys_creator": null, "sys_create_datetime": "2025-12-31T16:47:58.490", "sys_modifier": null, "sys_update_datetime": "2025-12-31T16:47:58.490", "is_deleted": false, "sort": 0, "menu": "c378f14b-4a6c-4c1e-8b87-64488977df03", "name": "批量删除部门", "code": "dept:delete_batch_delete", "permission_type": 1, "api_path": "/api/core/dept/batch/delete", "http_method": 3, "description": "批量删除部门", "is_active": true}}, {"model": "core.permission", "pk": "0f735fb0-336b-4ae9-8511-c576c8e53b05", "fields": {"sys_creator": null, "sys_create_datetime": "2025-12-31T16:49:42.257", "sys_modifier": null, "sys_update_datetime": "2025-12-31T16:49:42.257", "is_deleted": false, "sort": 0, "menu": "94554e82-fab4-4da0-83ae-3699e343d528", "name": "导入用户数据", "code": "user:create_import", "permission_type": 1, "api_path": "/api/core/user/import", "http_method": 1, "description": "导入用户数据", "is_active": true}}, {"model": "core.permission", "pk": "0fc37958-075a-493a-bc39-2439ce0efacc", "fields": {"sys_creator": null, "sys_create_datetime": "2026-01-01T22:01:11.931", "sys_modifier": null, "sys_update_datetime": "2026-01-01T22:01:11.931", "is_deleted": false, "sort": 0, "menu": "3e5b751e-f0b0-4873-914a-2d317e9762a0", "name": "标记已读", "code": "message:create_{message_id}_read", "permission_type": 1, "api_path": "/api/core/message/{message_id}/read", "http_method": 1, "description": "标记已读", "is_active": true}}, {"model": "core.permission", "pk": "1649b398-d2c2-457c-83a6-6d10ef7d4e2f", "fields": {"sys_creator": null, "sys_create_datetime": "2025-12-31T16:49:41.563", "sys_modifier": null, "sys_update_datetime": "2025-12-31T16:49:41.563", "is_deleted": false, "sort": 0, "menu": "94554e82-fab4-4da0-83ae-3699e343d528", "name": "检查用户权限", "code": "user:create_check-permission", "permission_type": 1, "api_path": "/api/core/user/check-permission", "http_method": 1, "description": "检查用户权限", "is_active": true}}, {"model": "core.permission", "pk": "25728418-2de3-418f-bbbd-00e8f30700ef", "fields": {"sys_creator": null, "sys_create_datetime": "2025-12-31T16:48:52.801", "sys_modifier": null, "sys_update_datetime": "2025-12-31T16:48:52.801", "is_deleted": false, "sort": 0, "menu": "fe491c91-100a-4562-9d6c-36e044808a45", "name": "根据类型获取权限", "code": "permission:read_by_type_{permission_type}", "permission_type": 1, "api_path": "/api/core/permission/by/type/{permission_type}", "http_method": 0, "description": "根据类型获取权限", "is_active": true}}, {"model": "core.permission", "pk": "2642c3a1-5c4b-4c94-8d02-269ec8923ebf", "fields": {"sys_creator": null, "sys_create_datetime": "2026-01-06T13:56:01.886", "sys_modifier": null, "sys_update_datetime": "2026-01-06T13:56:01.886", "is_deleted": false, "sort": 0, "menu": "7ac607d5-f23f-47bd-94eb-cccd8541ff47", "name": "Create Virtual Problem", "code": "contests:create_{id}_virtual-problems", "permission_type": 1, "api_path": "/api/contest/contests/{id}/virtual-problems", "http_method": 1, "description": "Create Virtual Problem", "is_active": true}}, {"model": "core.permission", "pk": "28f067c1-24fb-480f-8901-de3960e50529", "fields": {"sys_creator": null, "sys_create_datetime": "2026-01-05T08:59:48.613", "sys_modifier": null, "sys_update_datetime": "2026-01-05T08:59:48.613", "is_deleted": false, "sort": 0, "menu": "5e134b85-e1cb-4a59-b790-7931513380ca", "name": "Create Solution", "code": "{problem_id}:create_solutions", "permission_type": 1, "api_path": "/api/problem/{problem_id}/solutions", "http_method": 1, "description": "Create Solution", "is_active": true}}, {"model": "core.permission", "pk": "29b47364-08dd-4359-b31e-1d61823ccb77", "fields": {"sys_creator": null, "sys_create_datetime": "2026-01-01T22:02:11.448", "sys_modifier": null, "sys_update_datetime": "2026-01-01T22:02:11.448", "is_deleted": false, "sort": 0, "menu": "3e5b751e-f0b0-4873-914a-2d317e9762a0", "name": "删除公告", "code": "announcement:delete", "permission_type": 1, "api_path": "/api/core/announcement/admin/{announcement_id}", "http_method": 3, "description": "删除公告", "is_active": true}}, {"model": "core.permission", "pk": "2b684fd9-4c7f-471f-8596-a5b39fea2ff1", "fields": {"sys_creator": null, "sys_create_datetime": "2025-12-31T16:47:59.709", "sys_modifier": null, "sys_update_datetime": "2025-12-31T16:47:59.709", "is_deleted": false, "sort": 0, "menu": "c378f14b-4a6c-4c1e-8b87-64488977df03", "name": "获取部门用户列表", "code": "dept:read_users_{dept_id}", "permission_type": 1, "api_path": "/api/core/dept/users/{dept_id}", "http_method": 0, "description": "获取部门用户列表", "is_active": true}}, {"model": "core.permission", "pk": "2b7d123a-8762-46c7-bed7-19b8ba32e972", "fields": {"sys_creator": null, "sys_create_datetime": "2026-01-05T17:13:01.422", "sys_modifier": null, "sys_update_datetime": "2026-01-05T17:13:01.422", "is_deleted": false, "sort": 0, "menu": "7ac607d5-f23f-47bd-94eb-cccd8541ff47", "name": "更新用户组", "code": "groups:part_update", "permission_type": 1, "api_path": "/api/contest/groups/{id}", "http_method": 4, "description": "更新用户组", "is_active": true}}, {"model": "core.permission", "pk": "330ffd48-3a32-4ced-9e85-d8407e3465fc", "fields": {"sys_creator": null, "sys_create_datetime": "2026-01-05T08:59:48.594", "sys_modifier": null, "sys_update_datetime": "2026-01-05T08:59:48.594", "is_deleted": false, "sort": 0, "menu": "5e134b85-e1cb-4a59-b790-7931513380ca", "name": "List Testcases", "code": "{problem_id}:read_testcases", "permission_type": 1, "api_path": "/api/problem/{problem_id}/testcases", "http_method": 0, "description": "List Testcases", "is_active": true}}, {"model": "core.permission", "pk": "3c3bf05b-a17c-462b-8db5-cb1f6fa2b149", "fields": {"sys_creator": null, "sys_create_datetime": "2025-12-31T16:49:42.114", "sys_modifier": null, "sys_update_datetime": "2025-12-31T16:49:42.114", "is_deleted": false, "sort": 0, "menu": "94554e82-fab4-4da0-83ae-3699e343d528", "name": "导出用户数据", "code": "user:create_export", "permission_type": 1, "api_path": "/api/core/user/export", "http_method": 1, "description": "导出用户数据", "is_active": true}}, {"model": "core.permission", "pk": "3e3e4a89-fb77-4a64-8bf8-554a62f05a63", "fields": {"sys_creator": null, "sys_create_datetime": "2026-01-05T08:59:48.582", "sys_modifier": null, "sys_update_datetime": "2026-01-05T08:59:48.582", "is_deleted": false, "sort": 0, "menu": "5e134b85-e1cb-4a59-b790-7931513380ca", "name": "Createtag", "code": "tag:create", "permission_type": 1, "api_path": "/api/problem/tag/", "http_method": 1, "description": "Createtag", "is_active": true}}, {"model": "core.permission", "pk": "40a76986-1dbf-46db-9bf7-5bf8a82cc7d0", "fields": {"sys_creator": null, "sys_create_datetime": "2025-12-31T16:49:38.944", "sys_modifier": null, "sys_update_datetime": "2025-12-31T16:49:38.945", "is_deleted": false, "sort": 0, "menu": "94554e82-fab4-4da0-83ae-3699e343d528", "name": "获取用户信息", "code": "userinfo:read", "permission_type": 1, "api_path": "/api/core/userinfo", "http_method": 0, "description": "获取用户信息", "is_active": true}}, {"model": "core.permission", "pk": "41d1e4cb-f2ce-493b-a97b-73cf133b54c4", "fields": {"sys_creator": null, "sys_create_datetime": "2025-12-31T16:49:41.436", "sys_modifier": null, "sys_update_datetime": "2025-12-31T16:49:41.436", "is_deleted": false, "sort": 0, "menu": "94554e82-fab4-4da0-83ae-3699e343d528", "name": "搜索用户", "code": "user:read_search", "permission_type": 1, "api_path": "/api/core/user/search", "http_method": 0, "description": "搜索用户", "is_active": true}}, {"model": "core.permission", "pk": "42c21048-a96f-4c1c-823c-81c7f207f2b2", "fields": {"sys_creator": null, "sys_create_datetime": "2025-12-31T16:49:41.153", "sys_modifier": null, "sys_update_datetime": "2025-12-31T16:49:41.153", "is_deleted": false, "sort": 0, "menu": "94554e82-fab4-4da0-83ae-3699e343d528", "name": "获取用户头像", "code": "user:read_get_avatar_{user_id}", "permission_type": 1, "api_path": "/api/core/user/get/avatar/{user_id}", "http_method": 0, "description": "获取用户头像", "is_active": true}}, {"model": "core.permission", "pk": "44eb84aa-691e-4eed-876c-638296eacfdb", "fields": {"sys_creator": null, "sys_create_datetime": "2026-01-01T22:01:11.906", "sys_modifier": null, "sys_update_datetime": "2026-01-01T22:01:11.906", "is_deleted": false, "sort": 0, "menu": "3e5b751e-f0b0-4873-914a-2d317e9762a0", "name": "全部已读", "code": "message:create_read-all", "permission_type": 1, "api_path": "/api/core/message/read-all", "http_method": 1, "description": "全部已读", "is_active": true}}, {"model": "core.permission", "pk": "458f1f2f-ca31-416d-89d5-0115f3f23c8a", "fields": {"sys_creator": null, "sys_create_datetime": "2025-12-31T16:48:52.289", "sys_modifier": null, "sys_update_datetime": "2025-12-31T16:48:52.289", "is_deleted": false, "sort": 0, "menu": "fe491c91-100a-4562-9d6c-36e044808a45", "name": "获取权限详情", "code": "permission:read_{permission_id}", "permission_type": 1, "api_path": "/api/core/permission/{permission_id}", "http_method": 0, "description": "获取权限详情", "is_active": true}}, {"model": "core.permission", "pk": "45dfe19d-a839-4fd5-b18d-ff09d029eac4", "fields": {"sys_creator": null, "sys_create_datetime": "2025-12-31T16:47:59.967", "sys_modifier": null, "sys_update_datetime": "2025-12-31T16:47:59.967", "is_deleted": false, "sort": 0, "menu": "c378f14b-4a6c-4c1e-8b87-64488977df03", "name": "为部门添加用户", "code": "dept:create_users_{dept_id}", "permission_type": 1, "api_path": "/api/core/dept/users/{dept_id}", "http_method": 1, "description": "为部门添加用户", "is_active": true}}, {"model": "core.permission", "pk": "4842bf02-3cc6-4a65-b028-c0f9869aa99e", "fields": {"sys_creator": null, "sys_create_datetime": "2025-12-31T16:49:39.495", "sys_modifier": null, "sys_update_datetime": "2025-12-31T16:49:39.495", "is_deleted": false, "sort": 0, "menu": "94554e82-fab4-4da0-83ae-3699e343d528", "name": "部分更新个人信息", "code": "user:part_update_profile", "permission_type": 1, "api_path": "/api/core/user/profile", "http_method": 4, "description": "部分更新个人信息", "is_active": true}}, {"model": "core.permission", "pk": "48aa21f2-08c0-4596-a562-1c1e9d6b349d", "fields": {"sys_creator": null, "sys_create_datetime": "2026-01-05T08:59:48.561", "sys_modifier": null, "sys_update_datetime": "2026-01-05T08:59:48.561", "is_deleted": false, "sort": 0, "menu": "5e134b85-e1cb-4a59-b790-7931513380ca", "name": "Getproblemdetail", "code": "{problem_id}:read", "permission_type": 1, "api_path": "/api/problem/{problem_id}", "http_method": 0, "description": "Getproblemdetail", "is_active": true}}, {"model": "core.permission", "pk": "49b19ac3-a9bd-40ab-ae1c-ee536eff1fcf", "fields": {"sys_creator": null, "sys_create_datetime": "2026-01-05T08:59:48.624", "sys_modifier": null, "sys_update_datetime": "2026-01-05T08:59:48.624", "is_deleted": false, "sort": 0, "menu": "5e134b85-e1cb-4a59-b790-7931513380ca", "name": "Upload Testcase", "code": "{problem_id}:create_testcase", "permission_type": 1, "api_path": "/api/problem/{problem_id}/testcase", "http_method": 1, "description": "Upload Testcase", "is_active": true}}, {"model": "core.permission", "pk": "49b46bc3-9c01-44c6-8362-cb54b2e94d17", "fields": {"sys_creator": null, "sys_create_datetime": "2026-01-01T22:02:11.441", "sys_modifier": null, "sys_update_datetime": "2026-01-01T22:02:11.441", "is_deleted": false, "sort": 0, "menu": "3e5b751e-f0b0-4873-914a-2d317e9762a0", "name": "更新公告", "code": "announcement:update", "permission_type": 1, "api_path": "/api/core/announcement/admin/{announcement_id}", "http_method": 2, "description": "更新公告", "is_active": true}}, {"model": "core.permission", "pk": "49f19009-4fd8-4975-9ff1-3ac8df40cf70", "fields": {"sys_creator": null, "sys_create_datetime": "2025-12-31T16:48:52.960", "sys_modifier": null, "sys_update_datetime": "2025-12-31T16:48:52.960", "is_deleted": false, "sort": 0, "menu": "fe491c91-100a-4562-9d6c-36e044808a45", "name": "批量更新权限状态", "code": "permission:create_batch_update-status", "permission_type": 1, "api_path": "/api/core/permission/batch/update-status", "http_method": 1, "description": "批量更新权限状态", "is_active": true}}, {"model": "core.permission", "pk": "4efafcb9-248b-4a64-87df-3008b1caeb2e", "fields": {"sys_creator": null, "sys_create_datetime": "2025-12-31T16:49:40.620", "sys_modifier": null, "sys_update_datetime": "2025-12-31T16:49:40.620", "is_deleted": false, "sort": 0, "menu": "94554e82-fab4-4da0-83ae-3699e343d528", "name": "重置用户密码", "code": "user:update_reset_password_{user_id}", "permission_type": 1, "api_path": "/api/core/user/reset/password/{user_id}", "http_method": 2, "description": "重置用户密码", "is_active": true}}, {"model": "core.permission", "pk": "4f32f48c-3219-4997-ae97-4ded428ec683", "fields": {"sys_creator": null, "sys_create_datetime": "2025-12-31T16:49:41.299", "sys_modifier": null, "sys_update_datetime": "2025-12-31T16:49:41.299", "is_deleted": false, "sort": 0, "menu": "94554e82-fab4-4da0-83ae-3699e343d528", "name": "批量更新用户状态", "code": "user:create_batch_update-status", "permission_type": 1, "api_path": "/api/core/user/batch/update-status", "http_method": 1, "description": "批量更新用户状态", "is_active": true}}, {"model": "core.permission", "pk": "4fafe13b-bf94-4701-94fa-41076fc48290", "fields": {"sys_creator": null, "sys_create_datetime": "2026-01-05T17:13:01.469", "sys_modifier": null, "sys_update_datetime": "2026-01-05T17:13:01.469", "is_deleted": false, "sort": 0, "menu": "7ac607d5-f23f-47bd-94eb-cccd8541ff47", "name": "绑定题目到竞赛", "code": "contest-problems:create", "permission_type": 1, "api_path": "/api/contest/contest-problems", "http_method": 1, "description": "绑定题目到竞赛", "is_active": true}}, {"model": "core.permission", "pk": "51a72f5e-0022-483b-be4b-b6d39cdf444c", "fields": {"sys_creator": null, "sys_create_datetime": "2026-01-05T08:59:48.542", "sys_modifier": null, "sys_update_datetime": "2026-01-05T08:59:48.542", "is_deleted": false, "sort": 0, "menu": "5e134b85-e1cb-4a59-b790-7931513380ca", "name": "Create Problem", "code": ":create", "permission_type": 1, "api_path": "/api/problem/", "http_method": 1, "description": "Create Problem", "is_active": true}}, {"model": "core.permission", "pk": "5245083c-a557-4ba6-bb37-57f7291acff1", "fields": {"sys_creator": null, "sys_create_datetime": "2026-01-05T17:13:01.454", "sys_modifier": null, "sys_update_datetime": "2026-01-05T17:13:01.454", "is_deleted": false, "sort": 0, "menu": "7ac607d5-f23f-47bd-94eb-cccd8541ff47", "name": "获取竞赛详情", "code": "contests:read_{id}", "permission_type": 1, "api_path": "/api/contest/contests/{id}", "http_method": 0, "description": "获取竞赛详情", "is_active": true}}, {"model": "core.permission", "pk": "5382616a-8b6b-4817-a6e3-972da6aca01b", "fields": {"sys_creator": null, "sys_create_datetime": "2026-01-05T17:13:01.475", "sys_modifier": null, "sys_update_datetime": "2026-01-05T17:13:01.475", "is_deleted": false, "sort": 0, "menu": "7ac607d5-f23f-47bd-94eb-cccd8541ff47", "name": "从竞赛移除题目", "code": "contest-problems:delete", "permission_type": 1, "api_path": "/api/contest/contest-problems/{id}", "http_method": 3, "description": "从竞赛移除题目", "is_active": true}}, {"model": "core.permission", "pk": "539abb01-ca1e-4974-bfc3-af7ec13e7c5a", "fields": {"sys_creator": null, "sys_create_datetime": "2026-01-01T22:01:11.911", "sys_modifier": null, "sys_update_datetime": "2026-01-01T22:01:11.911", "is_deleted": false, "sort": 0, "menu": "3e5b751e-f0b0-4873-914a-2d317e9762a0", "name": "清空已读", "code": "message:delete_clear-read", "permission_type": 1, "api_path": "/api/core/message/clear-read", "http_method": 3, "description": "清空已读", "is_active": true}}, {"model": "core.permission", "pk": "53fe0d99-fdb8-48cd-a09c-2e1abaf90f1c", "fields": {"sys_creator": null, "sys_create_datetime": "2026-01-05T17:13:01.449", "sys_modifier": null, "sys_update_datetime": "2026-01-05T17:13:01.449", "is_deleted": false, "sort": 0, "menu": "7ac607d5-f23f-47bd-94eb-cccd8541ff47", "name": "获取竞赛列表", "code": "contests:read", "permission_type": 1, "api_path": "/api/contest/contests", "http_method": 0, "description": "获取竞赛列表", "is_active": true}}, {"model": "core.permission", "pk": "54bbd953-b5e2-4419-a4b3-d8fcb7b6e0e2", "fields": {"sys_creator": null, "sys_create_datetime": "2026-01-01T22:02:11.463", "sys_modifier": null, "sys_update_datetime": "2026-01-01T22:02:11.463", "is_deleted": false, "sort": 0, "menu": "3e5b751e-f0b0-4873-914a-2d317e9762a0", "name": "阅读统计", "code": "announcement:read_admin_{announcement_id}_stats", "permission_type": 1, "api_path": "/api/core/announcement/admin/{announcement_id}/stats", "http_method": 0, "description": "阅读统计", "is_active": true}}, {"model": "core.permission", "pk": "56bc84a4-8b03-46cd-8738-ddd25e2a8ca3", "fields": {"sys_creator": null, "sys_create_datetime": "2026-01-06T13:56:01.879", "sys_modifier": null, "sys_update_datetime": "2026-01-06T13:56:01.879", "is_deleted": false, "sort": 0, "menu": "7ac607d5-f23f-47bd-94eb-cccd8541ff47", "name": "Get Contest Detail", "code": "contests-vp:read", "permission_type": 1, "api_path": "/api/contest/contests-vp/{id}", "http_method": 0, "description": "Get Contest Detail", "is_active": true}}, {"model": "core.permission", "pk": "5a7598bb-2874-42f0-a642-507a8ed2224c", "fields": {"sys_creator": null, "sys_create_datetime": "2026-01-05T17:13:01.428", "sys_modifier": null, "sys_update_datetime": "2026-01-05T17:13:01.428", "is_deleted": false, "sort": 0, "menu": "7ac607d5-f23f-47bd-94eb-cccd8541ff47", "name": "删除用户组", "code": "groups:delete_{id}", "permission_type": 1, "api_path": "/api/contest/groups/{id}", "http_method": 3, "description": "删除用户组", "is_active": true}}, {"model": "core.permission", "pk": "5e20aae3-5c9c-473c-90dd-52bb25ddf750", "fields": {"sys_creator": null, "sys_create_datetime": "2026-01-01T22:01:11.892", "sys_modifier": null, "sys_update_datetime": "2026-01-01T22:01:11.892", "is_deleted": false, "sort": 0, "menu": "3e5b751e-f0b0-4873-914a-2d317e9762a0", "name": "消息列表", "code": "message:read_list", "permission_type": 1, "api_path": "/api/core/message/list", "http_method": 0, "description": "消息列表", "is_active": true}}, {"model": "core.permission", "pk": "6053b661-d014-4230-83e5-19f719ff1678", "fields": {"sys_creator": null, "sys_create_datetime": "2026-01-01T22:01:11.918", "sys_modifier": null, "sys_update_datetime": "2026-01-01T22:01:11.918", "is_deleted": false, "sort": 0, "menu": "3e5b751e-f0b0-4873-914a-2d317e9762a0", "name": "消息详情", "code": "message:read", "permission_type": 1, "api_path": "/api/core/message/{message_id}", "http_method": 0, "description": "消息详情", "is_active": true}}, {"model": "core.permission", "pk": "61ad1fe2-c3fd-488d-92e2-9d89fa45b0cd", "fields": {"sys_creator": null, "sys_create_datetime": "2025-12-31T16:48:52.412", "sys_modifier": null, "sys_update_datetime": "2025-12-31T16:48:52.412", "is_deleted": false, "sort": 0, "menu": "fe491c91-100a-4562-9d6c-36e044808a45", "name": "批量删除权限", "code": "permission:create_batch_delete", "permission_type": 1, "api_path": "/api/core/permission/batch/delete", "http_method": 1, "description": "批量删除权限", "is_active": true}}, {"model": "core.permission", "pk": "62870438-b002-4bf4-a984-2797864e68ff", "fields": {"sys_creator": null, "sys_create_datetime": "2025-12-31T16:48:53.264", "sys_modifier": null, "sys_update_datetime": "2025-12-31T16:48:53.264", "is_deleted": false, "sort": 0, "menu": "fe491c91-100a-4562-9d6c-36e044808a45", "name": "导出权限模板", "code": "permission:read_export-template", "permission_type": 1, "api_path": "/api/core/permission/export-template", "http_method": 0, "description": "导出权限模板", "is_active": true}}, {"model": "core.permission", "pk": "6354d633-b81c-4725-aee3-6067bee85486", "fields": {"sys_creator": null, "sys_create_datetime": "2026-01-01T22:01:11.923", "sys_modifier": null, "sys_update_datetime": "2026-01-01T22:01:11.923", "is_deleted": false, "sort": 0, "menu": "3e5b751e-f0b0-4873-914a-2d317e9762a0", "name": "删除消息", "code": "message:delete_{message_id}", "permission_type": 1, "api_path": "/api/core/message/{message_id}", "http_method": 3, "description": "删除消息", "is_active": true}}, {"model": "core.permission", "pk": "63a8662e-bf6a-4c4b-b04b-b316015d03e8", "fields": {"sys_creator": null, "sys_create_datetime": "2026-01-05T17:13:01.464", "sys_modifier": null, "sys_update_datetime": "2026-01-05T17:13:01.464", "is_deleted": false, "sort": 0, "menu": "7ac607d5-f23f-47bd-94eb-cccd8541ff47", "name": "删除竞赛", "code": "contests:delete", "permission_type": 1, "api_path": "/api/contest/contests/{id}", "http_method": 3, "description": "删除竞赛", "is_active": true}}, {"model": "core.permission", "pk": "682856ba-8104-4e5e-a76d-0e06e515541b", "fields": {"sys_creator": null, "sys_create_datetime": "2025-12-31T16:47:59.425", "sys_modifier": null, "sys_update_datetime": "2025-12-31T16:47:59.425", "is_deleted": false, "sort": 0, "menu": "c378f14b-4a6c-4c1e-8b87-64488977df03", "name": "获取部门路径", "code": "dept:read_path_{dept_id}", "permission_type": 1, "api_path": "/api/core/dept/path/{dept_id}", "http_method": 0, "description": "获取部门路径", "is_active": true}}, {"model": "core.permission", "pk": "6a9c96e8-27a1-4456-80dc-8669755f6480", "fields": {"sys_creator": null, "sys_create_datetime": "2026-01-05T17:13:01.459", "sys_modifier": null, "sys_update_datetime": "2026-01-05T17:13:01.459", "is_deleted": false, "sort": 0, "menu": "7ac607d5-f23f-47bd-94eb-cccd8541ff47", "name": "更新竞赛", "code": "contests:part_update", "permission_type": 1, "api_path": "/api/contest/contests/{id}", "http_method": 4, "description": "更新竞赛", "is_active": true}}, {"model": "core.permission", "pk": "6b0572ef-2347-4bb9-8226-42ebaa8d3e73", "fields": {"sys_creator": null, "sys_create_datetime": "2025-12-31T16:49:41.011", "sys_modifier": null, "sys_update_datetime": "2025-12-31T16:49:41.011", "is_deleted": false, "sort": 0, "menu": "94554e82-fab4-4da0-83ae-3699e343d528", "name": "获取用户的上级", "code": "user:create_get_user_manager", "permission_type": 1, "api_path": "/api/core/user/get/user_manager", "http_method": 1, "description": "获取用户的上级", "is_active": true}}, {"model": "core.permission", "pk": "6b7ed6d8-94f1-452c-9e38-f4433a34cb31", "fields": {"sys_creator": null, "sys_create_datetime": "2025-12-31T16:48:53.683", "sys_modifier": null, "sys_update_datetime": "2025-12-31T16:48:53.683", "is_deleted": false, "sort": 0, "menu": "fe491c91-100a-4562-9d6c-36e044808a45", "name": "调试：获取所有路由信息", "code": "permission:read_debug_routes", "permission_type": 1, "api_path": "/api/core/permission/debug/routes", "http_method": 0, "description": "调试：获取所有路由信息", "is_active": true}}, {"model": "core.permission", "pk": "6f3c18ea-ed73-442a-9572-fb019f6689fb", "fields": {"sys_creator": null, "sys_create_datetime": "2026-01-05T17:13:01.481", "sys_modifier": null, "sys_update_datetime": "2026-01-05T17:13:01.481", "is_deleted": false, "sort": 0, "menu": "7ac607d5-f23f-47bd-94eb-cccd8541ff47", "name": "创建虚拟题目", "code": "virtual-problems:create", "permission_type": 1, "api_path": "/api/contest/virtual-problems", "http_method": 1, "description": "创建虚拟题目", "is_active": true}}, {"model": "core.permission", "pk": "6f48c232-b655-4f38-8000-b0267a0c62f2", "fields": {"sys_creator": null, "sys_create_datetime": "2026-01-06T13:56:01.894", "sys_modifier": null, "sys_update_datetime": "2026-01-06T13:56:01.894", "is_deleted": false, "sort": 0, "menu": "7ac607d5-f23f-47bd-94eb-cccd8541ff47", "name": "Update Virtual Problem", "code": "virtual-problems:part_update_{id}", "permission_type": 1, "api_path": "/api/contest/virtual-problems/{id}", "http_method": 4, "description": "Update Virtual Problem", "is_active": true}}, {"model": "core.permission", "pk": "71eae6a3-316e-4efb-ae25-36627f9db75d", "fields": {"sys_creator": null, "sys_create_datetime": "2026-01-01T22:02:11.475", "sys_modifier": null, "sys_update_datetime": "2026-01-01T22:02:11.475", "is_deleted": false, "sort": 0, "menu": "3e5b751e-f0b0-4873-914a-2d317e9762a0", "name": "未读公告数量", "code": "announcement:read_user_unread-count", "permission_type": 1, "api_path": "/api/core/announcement/user/unread-count", "http_method": 0, "description": "未读公告数量", "is_active": true}}, {"model": "core.permission", "pk": "73f58fa4-9c1d-4d36-b008-8a2fed744864", "fields": {"sys_creator": null, "sys_create_datetime": "2025-12-31T16:47:58.757", "sys_modifier": null, "sys_update_datetime": "2025-12-31T16:47:58.757", "is_deleted": false, "sort": 0, "menu": "c378f14b-4a6c-4c1e-8b87-64488977df03", "name": "获取部门列表（分页）", "code": "dept:read_list", "permission_type": 1, "api_path": "/api/core/dept/list", "http_method": 0, "description": "获取部门列表（分页）", "is_active": true}}, {"model": "core.permission", "pk": "74e845a4-2085-4c40-ba83-ef2182cfd2b9", "fields": {"sys_creator": null, "sys_create_datetime": "2026-01-01T22:02:11.479", "sys_modifier": null, "sys_update_datetime": "2026-01-01T22:02:11.479", "is_deleted": false, "sort": 0, "menu": "3e5b751e-f0b0-4873-914a-2d317e9762a0", "name": "公告详情", "code": "announcement:read_user_{announcement_id}", "permission_type": 1, "api_path": "/api/core/announcement/user/{announcement_id}", "http_method": 0, "description": "公告详情", "is_active": true}}, {"model": "core.permission", "pk": "7618d948-9732-4305-8be6-5ecb137b9cb7", "fields": {"sys_creator": null, "sys_create_datetime": "2026-01-05T17:13:01.438", "sys_modifier": null, "sys_update_datetime": "2026-01-05T17:13:01.438", "is_deleted": false, "sort": 0, "menu": "7ac607d5-f23f-47bd-94eb-cccd8541ff47", "name": "从用户组移除成员", "code": "groups:delete_{id}_members", "permission_type": 1, "api_path": "/api/contest/groups/{id}/members", "http_method": 3, "description": "从用户组移除成员", "is_active": true}}, {"model": "core.permission", "pk": "763c771a-77ff-45d0-bb9f-df490f6b2530", "fields": {"sys_creator": null, "sys_create_datetime": "2026-01-05T17:13:01.412", "sys_modifier": null, "sys_update_datetime": "2026-01-05T17:13:01.412", "is_deleted": false, "sort": 0, "menu": "7ac607d5-f23f-47bd-94eb-cccd8541ff47", "name": "创建用户组", "code": "groups:create", "permission_type": 1, "api_path": "/api/contest/groups", "http_method": 1, "description": "创建用户组", "is_active": true}}, {"model": "core.permission", "pk": "766744af-2537-4f83-acd8-377142175ef7", "fields": {"sys_creator": null, "sys_create_datetime": "2025-12-31T16:48:53.088", "sys_modifier": null, "sys_update_datetime": "2025-12-31T16:48:53.088", "is_deleted": false, "sort": 0, "menu": "fe491c91-100a-4562-9d6c-36e044808a45", "name": "搜索权限", "code": "permission:read_search", "permission_type": 1, "api_path": "/api/core/permission/search", "http_method": 0, "description": "搜索权限", "is_active": true}}, {"model": "core.permission", "pk": "7775b884-9d37-4c0a-9e8a-55f72839d582", "fields": {"sys_creator": null, "sys_create_datetime": "2025-12-31T16:48:53.412", "sys_modifier": null, "sys_update_datetime": "2025-12-31T16:48:53.412", "is_deleted": false, "sort": 0, "menu": "fe491c91-100a-4562-9d6c-36e044808a45", "name": "导入权限", "code": "permission:create_import", "permission_type": 1, "api_path": "/api/core/permission/import", "http_method": 1, "description": "导入权限", "is_active": true}}, {"model": "core.permission", "pk": "77f1edfe-7af4-44f4-ab13-76ea68ab2acc", "fields": {"sys_creator": null, "sys_create_datetime": "2026-01-01T22:02:11.469", "sys_modifier": null, "sys_update_datetime": "2026-01-01T22:02:11.469", "is_deleted": false, "sort": 0, "menu": "3e5b751e-f0b0-4873-914a-2d317e9762a0", "name": "我的公告", "code": "announcement:read_user_list", "permission_type": 1, "api_path": "/api/core/announcement/user/list", "http_method": 0, "description": "我的公告", "is_active": true}}, {"model": "core.permission", "pk": "7a50bc64-c466-46ad-a620-a92f6eab42b1", "fields": {"sys_creator": null, "sys_create_datetime": "2026-01-07T12:22:23.054", "sys_modifier": null, "sys_update_datetime": "2026-01-07T12:22:23.054", "is_deleted": false, "sort": 0, "menu": "7ac607d5-f23f-47bd-94eb-cccd8541ff47", "name": "获取所有用户头像信息", "code": "allUser:read", "permission_type": 1, "api_path": "/api/contest/allUser/", "http_method": 0, "description": "获取所有用户头像信息", "is_active": true}}, {"model": "core.permission", "pk": "7b911991-c977-44d8-a905-400091e70824", "fields": {"sys_creator": null, "sys_create_datetime": "2026-01-01T22:02:11.387", "sys_modifier": null, "sys_update_datetime": "2026-01-01T22:02:11.387", "is_deleted": false, "sort": 0, "menu": "3e5b751e-f0b0-4873-914a-2d317e9762a0", "name": "公告列表（管理）", "code": "announcement:read_admin_list", "permission_type": 1, "api_path": "/api/core/announcement/admin/list", "http_method": 0, "description": "公告列表（管理）", "is_active": true}}, {"model": "core.permission", "pk": "7e2edb50-103f-4883-b0f9-7921accbf73e", "fields": {"sys_creator": null, "sys_create_datetime": "2025-12-31T16:48:52.136", "sys_modifier": null, "sys_update_datetime": "2025-12-31T16:48:52.137", "is_deleted": false, "sort": 0, "menu": "fe491c91-100a-4562-9d6c-36e044808a45", "name": "部分更新权限", "code": "permission:part_update", "permission_type": 1, "api_path": "/api/core/permission/{permission_id}", "http_method": 4, "description": "部分更新权限", "is_active": true}}, {"model": "core.permission", "pk": "7ec56186-b997-454c-814c-5ac5419afe3f", "fields": {"sys_creator": null, "sys_create_datetime": "2025-12-31T16:49:40.344", "sys_modifier": null, "sys_update_datetime": "2025-12-31T16:49:40.344", "is_deleted": false, "sort": 0, "menu": "94554e82-fab4-4da0-83ae-3699e343d528", "name": "批量删除用户", "code": "user:delete_batch_delete", "permission_type": 1, "api_path": "/api/core/user/batch/delete", "http_method": 3, "description": "批量删除用户", "is_active": true}}, {"model": "core.permission", "pk": "834ec9ff-7f95-4e9b-8f38-3390ac374e21", "fields": {"sys_creator": null, "sys_create_datetime": "2025-12-31T16:48:53.806", "sys_modifier": null, "sys_update_datetime": "2025-12-31T16:48:53.806", "is_deleted": false, "sort": 0, "menu": "fe491c91-100a-4562-9d6c-36e044808a45", "name": "从路由批量创建权限", "code": "permission:create_batch_create-from-routes", "permission_type": 1, "api_path": "/api/core/permission/batch/create-from-routes", "http_method": 1, "description": "从路由批量创建权限", "is_active": true}}, {"model": "core.permission", "pk": "85845c70-41e3-4248-938a-06d7845ba8c8", "fields": {"sys_creator": null, "sys_create_datetime": "2025-12-31T16:49:39.074", "sys_modifier": null, "sys_update_datetime": "2025-12-31T16:49:39.074", "is_deleted": false, "sort": 0, "menu": "94554e82-fab4-4da0-83ae-3699e343d528", "name": "创建用户", "code": "user:create", "permission_type": 1, "api_path": "/api/core/user", "http_method": 1, "description": "创建用户", "is_active": true}}, {"model": "core.permission", "pk": "8bcdc9f6-34d3-4960-86f5-0da7af6d5aad", "fields": {"sys_creator": null, "sys_create_datetime": "2025-12-31T16:49:39.218", "sys_modifier": null, "sys_update_datetime": "2025-12-31T16:49:39.218", "is_deleted": false, "sort": 0, "menu": "94554e82-fab4-4da0-83ae-3699e343d528", "name": "获取用户列表（分页）", "code": "user:read", "permission_type": 1, "api_path": "/api/core/user", "http_method": 0, "description": "获取用户列表（分页）", "is_active": true}}, {"model": "core.permission", "pk": "906e66e0-db5c-4e21-a950-8a5b2358bb33", "fields": {"sys_creator": null, "sys_create_datetime": "2026-01-01T22:02:11.453", "sys_modifier": null, "sys_update_datetime": "2026-01-01T22:02:11.453", "is_deleted": false, "sort": 0, "menu": "3e5b751e-f0b0-4873-914a-2d317e9762a0", "name": "创建公告", "code": "announcement:create_admin", "permission_type": 1, "api_path": "/api/core/announcement/admin", "http_method": 1, "description": "创建公告", "is_active": true}}, {"model": "core.permission", "pk": "9255b5ff-cae3-463a-b7c6-24967e9e5795", "fields": {"sys_creator": null, "sys_create_datetime": "2026-01-05T08:59:48.577", "sys_modifier": null, "sys_update_datetime": "2026-01-05T08:59:48.577", "is_deleted": false, "sort": 0, "menu": "5e134b85-e1cb-4a59-b790-7931513380ca", "name": "List Tags", "code": "tags:read", "permission_type": 1, "api_path": "/api/problem/tags/all", "http_method": 0, "description": "List Tags", "is_active": true}}, {"model": "core.permission", "pk": "9d8d2808-0db9-4d77-9091-85dd16a15fd1", "fields": {"sys_creator": null, "sys_create_datetime": "2025-12-31T16:49:41.972", "sys_modifier": null, "sys_update_datetime": "2025-12-31T16:49:41.972", "is_deleted": false, "sort": 0, "menu": "94554e82-fab4-4da0-83ae-3699e343d528", "name": "根据角色ID获取用户", "code": "user:read_by_role_{role_id}", "permission_type": 1, "api_path": "/api/core/user/by/role/{role_id}", "http_method": 0, "description": "根据角色ID获取用户", "is_active": true}}, {"model": "core.permission", "pk": "9ed39bd5-d97a-4a2e-b187-d4a2be268d44", "fields": {"sys_creator": null, "sys_create_datetime": "2026-01-05T17:13:01.418", "sys_modifier": null, "sys_update_datetime": "2026-01-05T17:13:01.418", "is_deleted": false, "sort": 0, "menu": "7ac607d5-f23f-47bd-94eb-cccd8541ff47", "name": "获取用户组列表", "code": "groups:read", "permission_type": 1, "api_path": "/api/contest/groups", "http_method": 0, "description": "获取用户组列表", "is_active": true}}, {"model": "core.permission", "pk": "9f49d90b-efc2-44bd-a1d2-ce2874fa8467", "fields": {"sys_creator": null, "sys_create_datetime": "2025-12-31T16:47:59.566", "sys_modifier": null, "sys_update_datetime": "2025-12-31T16:47:59.566", "is_deleted": false, "sort": 0, "menu": "c378f14b-4a6c-4c1e-8b87-64488977df03", "name": "批量更新部门状态", "code": "dept:create_batch_update-status", "permission_type": 1, "api_path": "/api/core/dept/batch/update-status", "http_method": 1, "description": "批量更新部门状态", "is_active": true}}, {"model": "core.permission", "pk": "a1ba6ad4-c440-4f43-979a-af5def2bea08", "fields": {"sys_creator": null, "sys_create_datetime": "2025-12-31T16:48:00.096", "sys_modifier": null, "sys_update_datetime": "2025-12-31T16:48:00.096", "is_deleted": false, "sort": 0, "menu": "c378f14b-4a6c-4c1e-8b87-64488977df03", "name": "获取部门统计信息", "code": "dept:read_stats", "permission_type": 1, "api_path": "/api/core/dept/stats", "http_method": 0, "description": "获取部门统计信息", "is_active": true}}, {"model": "core.permission", "pk": "a2b8119d-ee63-453f-ac6d-3a20f0a40d96", "fields": {"sys_creator": null, "sys_create_datetime": "2026-01-06T13:56:01.899", "sys_modifier": null, "sys_update_datetime": "2026-01-06T13:56:01.899", "is_deleted": false, "sort": 0, "menu": "7ac607d5-f23f-47bd-94eb-cccd8541ff47", "name": "Delete Virtual Problem", "code": "virtual-problems:delete", "permission_type": 1, "api_path": "/api/contest/virtual-problems/{id}", "http_method": 3, "description": "Delete Virtual Problem", "is_active": true}}, {"model": "core.permission", "pk": "a2cb814b-56b6-46fb-9376-cae3b08bd09a", "fields": {"sys_creator": null, "sys_create_datetime": "2025-12-31T16:47:58.074", "sys_modifier": null, "sys_update_datetime": "2025-12-31T16:47:58.074", "is_deleted": false, "sort": 0, "menu": "c378f14b-4a6c-4c1e-8b87-64488977df03", "name": "更新部门（完全替换）", "code": "dept:update", "permission_type": 1, "api_path": "/api/core/dept/{dept_id}", "http_method": 2, "description": "更新部门（完全替换）", "is_active": true}}, {"model": "core.permission", "pk": "a4593446-5f38-4446-8230-fd45bd7921b9", "fields": {"sys_creator": null, "sys_create_datetime": "2026-01-05T17:13:01.443", "sys_modifier": null, "sys_update_datetime": "2026-01-05T17:13:01.443", "is_deleted": false, "sort": 0, "menu": "7ac607d5-f23f-47bd-94eb-cccd8541ff47", "name": "创建竞赛", "code": "contests:create", "permission_type": 1, "api_path": "/api/contest/contests", "http_method": 1, "description": "创建竞赛", "is_active": true}}, {"model": "core.permission", "pk": "a5c503ee-8d1c-448e-a5fa-c40624d33d1a", "fields": {"sys_creator": null, "sys_create_datetime": "2025-12-31T16:47:59.838", "sys_modifier": null, "sys_update_datetime": "2025-12-31T16:47:59.839", "is_deleted": false, "sort": 0, "menu": "c378f14b-4a6c-4c1e-8b87-64488977df03", "name": "从部门中移除用户", "code": "dept:delete_users_{dept_id}", "permission_type": 1, "api_path": "/api/core/dept/users/{dept_id}", "http_method": 3, "description": "从部门中移除用户", "is_active": true}}, {"model": "core.permission", "pk": "a7354ee1-093b-49cd-bd9d-64efdcb7afc3", "fields": {"sys_creator": null, "sys_create_datetime": "2026-01-01T22:01:11.898", "sys_modifier": null, "sys_update_datetime": "2026-01-01T22:01:11.898", "is_deleted": false, "sort": 0, "menu": "3e5b751e-f0b0-4873-914a-2d317e9762a0", "name": "未读数量", "code": "message:read_unread-count", "permission_type": 1, "api_path": "/api/core/message/unread-count", "http_method": 0, "description": "未读数量", "is_active": true}}, {"model": "core.permission", "pk": "a8b911df-1571-4a73-8c71-c31ad05d37fa", "fields": {"sys_creator": null, "sys_create_datetime": "2026-01-05T08:59:48.553", "sys_modifier": null, "sys_update_datetime": "2026-01-05T08:59:48.553", "is_deleted": false, "sort": 0, "menu": "5e134b85-e1cb-4a59-b790-7931513380ca", "name": "Update Problem", "code": "{problem_id}:part_update", "permission_type": 1, "api_path": "/api/problem/{problem_id}", "http_method": 4, "description": "Update Problem", "is_active": true}}, {"model": "core.permission", "pk": "aa9c776a-3e2e-486f-b8cd-9984380f2d01", "fields": {"sys_creator": null, "sys_create_datetime": "2025-12-31T16:49:40.193", "sys_modifier": null, "sys_update_datetime": "2025-12-31T16:49:40.193", "is_deleted": false, "sort": 0, "menu": "94554e82-fab4-4da0-83ae-3699e343d528", "name": "获取用户详情", "code": "user:read_{user_id}", "permission_type": 1, "api_path": "/api/core/user/{user_id}", "http_method": 0, "description": "获取用户详情", "is_active": true}}, {"model": "core.permission", "pk": "ac95ad60-3837-4e46-bac0-47eeacdb4a58", "fields": {"sys_creator": null, "sys_create_datetime": "2025-12-31T16:48:52.001", "sys_modifier": null, "sys_update_datetime": "2025-12-31T16:48:52.001", "is_deleted": false, "sort": 0, "menu": "fe491c91-100a-4562-9d6c-36e044808a45", "name": "更新权限（完全替换）", "code": "permission:update", "permission_type": 1, "api_path": "/api/core/permission/{permission_id}", "http_method": 2, "description": "更新权限（完全替换）", "is_active": true}}, {"model": "core.permission", "pk": "b175b268-7866-4c3a-8e2e-274a90c201c1", "fields": {"sys_creator": null, "sys_create_datetime": "2025-12-31T16:49:40.475", "sys_modifier": null, "sys_update_datetime": "2025-12-31T16:49:40.475", "is_deleted": false, "sort": 0, "menu": "94554e82-fab4-4da0-83ae-3699e343d528", "name": "获取所有用户（简化版）", "code": "user:read_all", "permission_type": 1, "api_path": "/api/core/user/all", "http_method": 0, "description": "获取所有用户（简化版）", "is_active": true}}, {"model": "core.permission", "pk": "b4a2abfb-bc25-408f-a40c-c093ce6ff810", "fields": {"sys_creator": null, "sys_create_datetime": "2025-12-31T16:49:39.909", "sys_modifier": null, "sys_update_datetime": "2025-12-31T16:49:39.909", "is_deleted": false, "sort": 0, "menu": "94554e82-fab4-4da0-83ae-3699e343d528", "name": "更新用户（完全替换）", "code": "user:update_{user_id}", "permission_type": 1, "api_path": "/api/core/user/{user_id}", "http_method": 2, "description": "更新用户（完全替换）", "is_active": true}}, {"model": "core.permission", "pk": "b6284986-08d1-4b12-b0c8-d3d841ca3278", "fields": {"sys_creator": null, "sys_create_datetime": "2026-01-01T22:02:11.435", "sys_modifier": null, "sys_update_datetime": "2026-01-01T22:02:11.435", "is_deleted": false, "sort": 0, "menu": "3e5b751e-f0b0-4873-914a-2d317e9762a0", "name": "公告详情（管理）", "code": "announcement:read_admin_{announcement_id}", "permission_type": 1, "api_path": "/api/core/announcement/admin/{announcement_id}", "http_method": 0, "description": "公告详情（管理）", "is_active": true}}, {"model": "core.permission", "pk": "b63ac547-263d-42d0-8de6-442a6d8a67e3", "fields": {"sys_creator": null, "sys_create_datetime": "2025-12-31T16:49:40.745", "sys_modifier": null, "sys_update_datetime": "2025-12-31T16:49:40.745", "is_deleted": false, "sort": 0, "menu": "94554e82-fab4-4da0-83ae-3699e343d528", "name": "根据ID列表获取用户名", "code": "user:create_get_username", "permission_type": 1, "api_path": "/api/core/user/get/username", "http_method": 1, "description": "根据ID列表获取用户名", "is_active": true}}, {"model": "core.permission", "pk": "b9700707-6a42-4946-9e97-f1beafc1bec4", "fields": {"sys_creator": null, "sys_create_datetime": "2026-01-06T13:56:01.908", "sys_modifier": null, "sys_update_datetime": "2026-01-06T13:56:01.908", "is_deleted": false, "sort": 0, "menu": "7ac607d5-f23f-47bd-94eb-cccd8541ff47", "name": "Bind Virtual Problem", "code": "virtual-problems:part_update_{id}_bind", "permission_type": 1, "api_path": "/api/contest/virtual-problems/{id}/bind", "http_method": 4, "description": "Bind Virtual Problem", "is_active": true}}, {"model": "core.permission", "pk": "b9dccdfd-4786-468a-a295-ef68f4884a57", "fields": {"sys_creator": null, "sys_create_datetime": "2025-12-31T16:49:41.704", "sys_modifier": null, "sys_update_datetime": "2025-12-31T16:49:41.705", "is_deleted": false, "sort": 0, "menu": "94554e82-fab4-4da0-83ae-3699e343d528", "name": "获取用户的下属列表", "code": "user:read_subordinates_{user_id}", "permission_type": 1, "api_path": "/api/core/user/subordinates/{user_id}", "http_method": 0, "description": "获取用户的下属列表", "is_active": true}}, {"model": "core.permission", "pk": "c36b19a1-2e19-45b4-845c-6f200ce1d87a", "fields": {"sys_creator": null, "sys_create_datetime": "2025-12-31T16:48:52.671", "sys_modifier": null, "sys_update_datetime": "2025-12-31T16:48:52.671", "is_deleted": false, "sort": 0, "menu": "fe491c91-100a-4562-9d6c-36e044808a45", "name": "根据菜单ID获取权限", "code": "permission:read_by_menu_{menu_id}", "permission_type": 1, "api_path": "/api/core/permission/by/menu/{menu_id}", "http_method": 0, "description": "根据菜单ID获取权限", "is_active": true}}, {"model": "core.permission", "pk": "c44b7397-ddd1-4f54-a274-54069945cf61", "fields": {"sys_creator": null, "sys_create_datetime": "2025-12-31T16:47:57.809", "sys_modifier": null, "sys_update_datetime": "2025-12-31T16:47:57.809", "is_deleted": false, "sort": 0, "menu": "c378f14b-4a6c-4c1e-8b87-64488977df03", "name": "创建部门", "code": "dept:create", "permission_type": 1, "api_path": "/api/core/dept", "http_method": 1, "description": "创建部门", "is_active": true}}, {"model": "core.permission", "pk": "c4749b2a-5792-4bc1-aba9-0ec373013044", "fields": {"sys_creator": null, "sys_create_datetime": "2026-01-05T08:59:48.566", "sys_modifier": null, "sys_update_datetime": "2026-01-05T08:59:48.566", "is_deleted": false, "sort": 0, "menu": "5e134b85-e1cb-4a59-b790-7931513380ca", "name": "Getproblemstatus", "code": "{problem_id}:read_status", "permission_type": 1, "api_path": "/api/problem/{problem_id}/status", "http_method": 0, "description": "Getproblemstatus", "is_active": true}}, {"model": "core.permission", "pk": "c7c5b5d6-d8e1-4157-a2d3-d45a97fee6a8", "fields": {"sys_creator": null, "sys_create_datetime": "2025-12-31T16:49:39.766", "sys_modifier": null, "sys_update_datetime": "2025-12-31T16:49:39.766", "is_deleted": false, "sort": 0, "menu": "94554e82-fab4-4da0-83ae-3699e343d528", "name": "删除用户", "code": "user:delete_{user_id}", "permission_type": 1, "api_path": "/api/core/user/{user_id}", "http_method": 3, "description": "删除用户", "is_active": true}}, {"model": "core.permission", "pk": "c86e1052-0ef1-4d5d-b987-51432e614e09", "fields": {"sys_creator": null, "sys_create_datetime": "2025-12-31T16:47:58.894", "sys_modifier": null, "sys_update_datetime": "2025-12-31T16:47:58.894", "is_deleted": false, "sort": 0, "menu": "c378f14b-4a6c-4c1e-8b87-64488977df03", "name": "获取所有部门（简化版）", "code": "dept:read_all", "permission_type": 1, "api_path": "/api/core/dept/all", "http_method": 0, "description": "获取所有部门（简化版）", "is_active": true}}, {"model": "core.permission", "pk": "ca123aae-3e8a-4f91-bf02-e2d141d082ec", "fields": {"sys_creator": null, "sys_create_datetime": "2025-12-31T16:48:51.876", "sys_modifier": null, "sys_update_datetime": "2025-12-31T16:48:51.876", "is_deleted": false, "sort": 0, "menu": "fe491c91-100a-4562-9d6c-36e044808a45", "name": "删除权限", "code": "permission:delete", "permission_type": 1, "api_path": "/api/core/permission/{permission_id}", "http_method": 3, "description": "删除权限", "is_active": true}}, {"model": "core.permission", "pk": "ca8bca06-da32-48bc-9772-ee4de8b14b9c", "fields": {"sys_creator": null, "sys_create_datetime": "2025-12-31T16:48:00.224", "sys_modifier": null, "sys_update_datetime": "2025-12-31T16:48:00.224", "is_deleted": false, "sort": 0, "menu": "c378f14b-4a6c-4c1e-8b87-64488977df03", "name": "移动部门", "code": "dept:create_move", "permission_type": 1, "api_path": "/api/core/dept/move", "http_method": 1, "description": "移动部门", "is_active": true}}, {"model": "core.permission", "pk": "ca8c8356-4123-4c68-a63a-5a5477c61569", "fields": {"sys_creator": null, "sys_create_datetime": "2026-01-05T08:59:48.588", "sys_modifier": null, "sys_update_datetime": "2026-01-05T08:59:48.588", "is_deleted": false, "sort": 0, "menu": "5e134b85-e1cb-4a59-b790-7931513380ca", "name": "Deletetag", "code": "tag:delete", "permission_type": 1, "api_path": "/api/problem/tag/{tag_id}", "http_method": 3, "description": "Deletetag", "is_active": true}}, {"model": "core.permission", "pk": "d0a4a868-bbe8-4eae-a6c6-7a739f92abb1", "fields": {"sys_creator": null, "sys_create_datetime": "2025-12-31T16:49:40.060", "sys_modifier": null, "sys_update_datetime": "2025-12-31T16:49:40.060", "is_deleted": false, "sort": 0, "menu": "94554e82-fab4-4da0-83ae-3699e343d528", "name": "部分更新用户", "code": "user:part_update_{user_id}", "permission_type": 1, "api_path": "/api/core/user/{user_id}", "http_method": 4, "description": "部分更新用户", "is_active": true}}, {"model": "core.permission", "pk": "d49348b6-717f-498e-b6ff-a76cbb5f0c20", "fields": {"sys_creator": null, "sys_create_datetime": "2025-12-31T16:48:53.939", "sys_modifier": null, "sys_update_datetime": "2025-12-31T16:48:53.939", "is_deleted": false, "sort": 0, "menu": "fe491c91-100a-4562-9d6c-36e044808a45", "name": "从 Router 自动扫描并生成权限", "code": "permission:create_auto_scan", "permission_type": 1, "api_path": "/api/core/permission/auto/scan", "http_method": 1, "description": "从 Router 自动扫描并生成权限", "is_active": true}}, {"model": "core.permission", "pk": "d7a84ac5-3b19-4170-9345-47282b9aebbb", "fields": {"sys_creator": null, "sys_create_datetime": "2025-12-31T16:49:39.623", "sys_modifier": null, "sys_update_datetime": "2025-12-31T16:49:39.623", "is_deleted": false, "sort": 0, "menu": "94554e82-fab4-4da0-83ae-3699e343d528", "name": "获取当前用户信息", "code": "user:read_profile_me", "permission_type": 1, "api_path": "/api/core/user/profile/me", "http_method": 0, "description": "获取当前用户信息", "is_active": true}}, {"model": "core.permission", "pk": "da01da9c-9f62-4cdc-88c2-cca4e2143897", "fields": {"sys_creator": null, "sys_create_datetime": "2025-12-31T16:47:58.344", "sys_modifier": null, "sys_update_datetime": "2025-12-31T16:47:58.344", "is_deleted": false, "sort": 0, "menu": "c378f14b-4a6c-4c1e-8b87-64488977df03", "name": "获取部门详情", "code": "dept:read_{dept_id}", "permission_type": 1, "api_path": "/api/core/dept/{dept_id}", "http_method": 0, "description": "获取部门详情", "is_active": true}}, {"model": "core.permission", "pk": "e1b9acc4-4205-4163-8589-4bf8621a54d3", "fields": {"sys_creator": null, "sys_create_datetime": "2026-01-05T17:13:01.487", "sys_modifier": null, "sys_update_datetime": "2026-01-05T17:13:01.487", "is_deleted": false, "sort": 0, "menu": "7ac607d5-f23f-47bd-94eb-cccd8541ff47", "name": "虚拟题转正", "code": "virtual-problems:part_update", "permission_type": 1, "api_path": "/api/contest/virtual-problems/{id}/bind", "http_method": 4, "description": "虚拟题转正", "is_active": true}}, {"model": "core.permission", "pk": "e47fdd94-5ff4-4a02-a905-f64ac5f3adbd", "fields": {"sys_creator": null, "sys_create_datetime": "2026-01-05T08:59:48.548", "sys_modifier": null, "sys_update_datetime": "2026-01-05T08:59:48.548", "is_deleted": false, "sort": 0, "menu": "5e134b85-e1cb-4a59-b790-7931513380ca", "name": "List Problems", "code": ":read", "permission_type": 1, "api_path": "/api/problem/", "http_method": 0, "description": "List Problems", "is_active": true}}, {"model": "core.permission", "pk": "e57962b1-d55e-4937-b92e-f0bc8901c8d3", "fields": {"sys_creator": null, "sys_create_datetime": "2025-12-31T16:47:59.020", "sys_modifier": null, "sys_update_datetime": "2025-12-31T16:47:59.020", "is_deleted": false, "sort": 0, "menu": "c378f14b-4a6c-4c1e-8b87-64488977df03", "name": "根据父部门ID获取子部门", "code": "dept:read_by_parent_{parent_id}", "permission_type": 1, "api_path": "/api/core/dept/by/parent/{parent_id}", "http_method": 0, "description": "根据父部门ID获取子部门", "is_active": true}}, {"model": "core.permission", "pk": "e7772ec6-be50-4ad9-860e-40fa23483810", "fields": {"sys_creator": null, "sys_create_datetime": "2026-01-01T22:02:11.485", "sys_modifier": null, "sys_update_datetime": "2026-01-01T22:02:11.485", "is_deleted": false, "sort": 0, "menu": "3e5b751e-f0b0-4873-914a-2d317e9762a0", "name": "标记已读", "code": "announcement:create_user_{announcement_id}_read", "permission_type": 1, "api_path": "/api/core/announcement/user/{announcement_id}/read", "http_method": 1, "description": "标记已读", "is_active": true}}, {"model": "core.permission", "pk": "e8a831cf-a3fb-43f4-9d96-924a1621e02e", "fields": {"sys_creator": null, "sys_create_datetime": "2026-01-01T22:02:11.457", "sys_modifier": null, "sys_update_datetime": "2026-01-01T22:02:11.457", "is_deleted": false, "sort": 0, "menu": "3e5b751e-f0b0-4873-914a-2d317e9762a0", "name": "发布公告", "code": "announcement:create_admin_{announcement_id}_publish", "permission_type": 1, "api_path": "/api/core/announcement/admin/{announcement_id}/publish", "http_method": 1, "description": "发布公告", "is_active": true}}, {"model": "core.permission", "pk": "eac4c4c3-b649-425a-9969-3502577fbe38", "fields": {"sys_creator": null, "sys_create_datetime": "2026-01-05T08:59:48.600", "sys_modifier": null, "sys_update_datetime": "2026-01-05T08:59:48.600", "is_deleted": false, "sort": 0, "menu": "5e134b85-e1cb-4a59-b790-7931513380ca", "name": "Delete Testcase", "code": "testcase:delete", "permission_type": 1, "api_path": "/api/problem/testcase/{testcase_id}", "http_method": 3, "description": "Delete Testcase", "is_active": true}}, {"model": "core.permission", "pk": "ec340cac-5094-4884-a984-a54334201fce", "fields": {"sys_creator": null, "sys_create_datetime": "2025-12-31T16:47:59.278", "sys_modifier": null, "sys_update_datetime": "2025-12-31T16:47:59.278", "is_deleted": false, "sort": 0, "menu": "c378f14b-4a6c-4c1e-8b87-64488977df03", "name": "根据ID列表获取部门", "code": "dept:read_by_ids", "permission_type": 1, "api_path": "/api/core/dept/by/ids", "http_method": 0, "description": "根据ID列表获取部门", "is_active": true}}, {"model": "core.permission", "pk": "efde327f-c96c-4f63-ae28-4f51a5925275", "fields": {"sys_creator": null, "sys_create_datetime": "2026-01-05T17:13:01.434", "sys_modifier": null, "sys_update_datetime": "2026-01-05T17:13:01.434", "is_deleted": false, "sort": 0, "menu": "7ac607d5-f23f-47bd-94eb-cccd8541ff47", "name": "向用户组增加成员", "code": "groups:create_{id}_members", "permission_type": 1, "api_path": "/api/contest/groups/{id}/members", "http_method": 1, "description": "向用户组增加成员", "is_active": true}}, {"model": "core.permission", "pk": "f01a3d95-4794-4280-be1b-08a142731d88", "fields": {"sys_creator": null, "sys_create_datetime": "2025-12-31T16:48:53.557", "sys_modifier": null, "sys_update_datetime": "2025-12-31T16:48:53.557", "is_deleted": false, "sort": 0, "menu": "fe491c91-100a-4562-9d6c-36e044808a45", "name": "获取所有可用的 API 路由", "code": "permission:read_all_routes", "permission_type": 1, "api_path": "/api/core/permission/all/routes", "http_method": 0, "description": "获取所有可用的 API 路由", "is_active": true}}, {"model": "core.permission", "pk": "f14ce32f-5c9e-4655-9fd4-9a5e6423bf9e", "fields": {"sys_creator": null, "sys_create_datetime": "2025-12-31T16:47:58.218", "sys_modifier": null, "sys_update_datetime": "2025-12-31T16:47:58.218", "is_deleted": false, "sort": 0, "menu": "c378f14b-4a6c-4c1e-8b87-64488977df03", "name": "部分更新部门", "code": "dept:part_update", "permission_type": 1, "api_path": "/api/core/dept/{dept_id}", "http_method": 4, "description": "部分更新部门", "is_active": true}}, {"model": "core.permission", "pk": "f45ba2e4-74f5-4afb-8294-29e86b497eeb", "fields": {"sys_creator": null, "sys_create_datetime": "2026-01-05T08:59:48.571", "sys_modifier": null, "sys_update_datetime": "2026-01-05T08:59:48.571", "is_deleted": false, "sort": 0, "menu": "5e134b85-e1cb-4a59-b790-7931513380ca", "name": "patchproblemstatus", "code": "{problem_id}:part_update_status", "permission_type": 1, "api_path": "/api/problem/{problem_id}/status", "http_method": 4, "description": "Getproblemstatus", "is_active": true}}, {"model": "core.permission", "pk": "f6e390b8-53f8-43e7-be43-e73bbbc97f96", "fields": {"sys_creator": null, "sys_create_datetime": "2025-12-31T16:48:52.546", "sys_modifier": null, "sys_update_datetime": "2025-12-31T16:48:52.546", "is_deleted": false, "sort": 0, "menu": "fe491c91-100a-4562-9d6c-36e044808a45", "name": "获取所有权限（有缓存）", "code": "permission:read_all", "permission_type": 1, "api_path": "/api/core/permission/all", "http_method": 0, "description": "获取所有权限（有缓存）", "is_active": true}}, {"model": "core.permission", "pk": "f8ecc96e-7ebd-43c6-84b4-8833b9dc6a47", "fields": {"sys_creator": null, "sys_create_datetime": "2025-12-31T16:47:59.148", "sys_modifier": null, "sys_update_datetime": "2025-12-31T16:47:59.148", "is_deleted": false, "sort": 0, "menu": "c378f14b-4a6c-4c1e-8b87-64488977df03", "name": "搜索部门", "code": "dept:read_search", "permission_type": 1, "api_path": "/api/core/dept/search", "http_method": 0, "description": "搜索部门", "is_active": true}}, {"model": "core.permission", "pk": "f92b9819-9c94-417f-b3c5-eccde6d39c19", "fields": {"sys_creator": null, "sys_create_datetime": "2025-12-31T16:49:40.872", "sys_modifier": null, "sys_update_datetime": "2025-12-31T16:49:40.872", "is_deleted": false, "sort": 0, "menu": "94554e82-fab4-4da0-83ae-3699e343d528", "name": "获取用户的部门领导", "code": "user:create_get_user_dept_lead", "permission_type": 1, "api_path": "/api/core/user/get/user_dept_lead", "http_method": 1, "description": "获取用户的部门领导", "is_active": true}}, {"model": "core.permission", "pk": "fa0be411-1655-4fc8-a4c9-146e467b7e72", "fields": {"sys_creator": null, "sys_create_datetime": "2025-12-31T16:47:58.628", "sys_modifier": null, "sys_update_datetime": "2025-12-31T16:47:58.628", "is_deleted": false, "sort": 0, "menu": "c378f14b-4a6c-4c1e-8b87-64488977df03", "name": "获取部门树", "code": "dept:read_tree", "permission_type": 1, "api_path": "/api/core/dept/tree", "http_method": 0, "description": "获取部门树", "is_active": true}}, {"model": "core.permission", "pk": "fcfd186f-7bae-4810-bc01-4028cc68e29f", "fields": {"sys_creator": null, "sys_create_datetime": "2026-01-05T08:59:48.618", "sys_modifier": null, "sys_update_datetime": "2026-01-05T08:59:48.618", "is_deleted": false, "sort": 0, "menu": "5e134b85-e1cb-4a59-b790-7931513380ca", "name": "Delete Solution", "code": "solution:delete", "permission_type": 1, "api_path": "/api/problem/solution/{solution_id}", "http_method": 3, "description": "Delete Solution", "is_active": true}}, {"model": "core.permission", "pk": "feb8bbd8-90f1-4c79-8e2d-81ed416fdc33", "fields": {"sys_creator": null, "sys_create_datetime": "2025-12-31T16:49:41.845", "sys_modifier": null, "sys_update_datetime": "2025-12-31T16:49:41.845", "is_deleted": false, "sort": 0, "menu": "94554e82-fab4-4da0-83ae-3699e343d528", "name": "根据部门ID获取用户", "code": "user:read_by_dept_{dept_id}", "permission_type": 1, "api_path": "/api/core/user/by/dept/{dept_id}", "http_method": 0, "description": "根据部门ID获取用户", "is_active": true}}, {"model": "core.post", "pk": "2a919bd7-9d70-44c5-88ba-ad65596156c4", "fields": {"sys_creator": null, "sys_create_datetime": "2025-12-23T10:15:50.595", "sys_modifier": null, "sys_update_datetime": "2025-12-23T10:15:50.595", "is_deleted": false, "sort": 0, "name": "开发", "code": "developer", "post_type": 1, "post_level": 3, "status": true, "description": null, "dept": null}}, {"model": "core.post", "pk": "cfa0b802-85cc-4d53-8189-c05dcddf9f61", "fields": {"sys_creator": null, "sys_create_datetime": "2025-12-23T10:16:11.600", "sys_modifier": null, "sys_update_datetime": "2025-12-23T10:16:11.600", "is_deleted": false, "sort": 0, "name": "高级开发", "code": "sr_developer", "post_type": 1, "post_level": 3, "status": true, "description": null, "dept": null}}, {"model": "core.post", "pk": "fe5c8ec9-d122-40e1-8e1b-5634fc2af64d", "fields": {"sys_creator": null, "sys_create_datetime": "2025-12-23T10:16:28.667", "sys_modifier": null, "sys_update_datetime": "2025-12-23T10:16:28.667", "is_deleted": false, "sort": 0, "name": "测试", "code": "tester", "post_type": 1, "post_level": 3, "status": true, "description": null, "dept": null}}, {"model": "core.role", "pk": "4fd49650-c52d-439c-8225-5f09946c292a", "fields": {"sys_creator": "a0000000-0000-0000-0000-000000000001", "sys_create_datetime": "2026-01-05T10:59:04.572", "sys_modifier": null, "sys_update_datetime": "2026-01-05T10:59:04.572", "is_deleted": false, "sort": 0, "name": "管理员", "code": "admin", "role_type": 1, "status": true, "data_scope": 0, "priority": 0, "description": null, "remark": null, "dept": [], "menu": ["0cbf5003-3fe1-4e55-a7c0-abbd763b2088", "2cc423ac-7054-4bf7-a01c-2dc7f0786cea", "5654405b-f168-4851-8ba2-11f29015abec", "59e09dcc-d92d-4dcc-860e-a67d421d1bf5", "64b88233-6f9f-4fe0-b33f-4bb9a85211bf", "94554e82-fab4-4da0-83ae-3699e343d528", "9c0ab05c-3702-4003-b10b-c1a110d71ebb", "a4e2df11-ed62-4941-a37c-4b9b538ca900", "c378f14b-4a6c-4c1e-8b87-64488977df03", "d91b6c8b-b600-4b9f-84f5-782c0e3ccdd2", "f9b48f00-f4f1-4a83-b074-ba9593dfac99", "54ac6739-7f2d-45f4-bad9-ed93efa454a1", "ab1640ef-3dd3-47b8-84c4-8f8959017a35", "e300d38e-ad57-4305-bffb-8aabfb594e48", "2c03f7a0-f4b5-43a9-94ec-76516830b9db", "748c6053-a261-4ddf-b64b-cdc5517f0b21", "d0000000-0000-0000-0000-000000000002", "d0000000-0000-0000-0000-000000000011", "649e92e6-c2d5-4458-9c5f-03ee68bd3328", "b1b635a6-4700-44d2-b696-d5ac4fe528cd", "c4b8daa0-7e1c-4039-9ada-949866117c9e", "3e5b751e-f0b0-4873-914a-2d317e9762a0", "5e134b85-e1cb-4a59-b790-7931513380ca", "7ac607d5-f23f-47bd-94eb-cccd8541ff47"], "permission": ["7a50bc64-c466-46ad-a620-a92f6eab42b1", "b9700707-6a42-4946-9e97-f1beafc1bec4", "a2b8119d-ee63-453f-ac6d-3a20f0a40d96", "6f48c232-b655-4f38-8000-b0267a0c62f2", "2642c3a1-5c4b-4c94-8d02-269ec8923ebf", "56bc84a4-8b03-46cd-8738-ddd25e2a8ca3", "e1b9acc4-4205-4163-8589-4bf8621a54d3", "6f3c18ea-ed73-442a-9572-fb019f6689fb", "5382616a-8b6b-4817-a6e3-972da6aca01b", "4fafe13b-bf94-4701-94fa-41076fc48290", "63a8662e-bf6a-4c4b-b04b-b316015d03e8", "6a9c96e8-27a1-4456-80dc-8669755f6480", "5245083c-a557-4ba6-bb37-57f7291acff1", "53fe0d99-fdb8-48cd-a09c-2e1abaf90f1c", "a4593446-5f38-4446-8230-fd45bd7921b9", "7618d948-9732-4305-8be6-5ecb137b9cb7", "efde327f-c96c-4f63-ae28-4f51a5925275", "5a7598bb-2874-42f0-a642-507a8ed2224c", "2b7d123a-8762-46c7-bed7-19b8ba32e972", "9ed39bd5-d97a-4a2e-b187-d4a2be268d44", "763c771a-77ff-45d0-bb9f-df490f6b2530", "49b19ac3-a9bd-40ab-ae1c-ee536eff1fcf", "fcfd186f-7bae-4810-bc01-4028cc68e29f", "28f067c1-24fb-480f-8901-de3960e50529", "0827778f-7fb5-4df7-84d3-1db8b3ec35b8", "eac4c4c3-b649-425a-9969-3502577fbe38", "330ffd48-3a32-4ced-9e85-d8407e3465fc", "ca8c8356-4123-4c68-a63a-5a5477c61569", "3e3e4a89-fb77-4a64-8bf8-554a62f05a63", "9255b5ff-cae3-463a-b7c6-24967e9e5795", "f45ba2e4-74f5-4afb-8294-29e86b497eeb", "c4749b2a-5792-4bc1-aba9-0ec373013044", "48aa21f2-08c0-4596-a562-1c1e9d6b349d", "a8b911df-1571-4a73-8c71-c31ad05d37fa", "e47fdd94-5ff4-4a02-a905-f64ac5f3adbd", "51a72f5e-0022-483b-be4b-b6d39cdf444c", "e7772ec6-be50-4ad9-860e-40fa23483810", "74e845a4-2085-4c40-ba83-ef2182cfd2b9", "71eae6a3-316e-4efb-ae25-36627f9db75d", "77f1edfe-7af4-44f4-ab13-76ea68ab2acc", "54bbd953-b5e2-4419-a4b3-d8fcb7b6e0e2", "e8a831cf-a3fb-43f4-9d96-924a1621e02e", "906e66e0-db5c-4e21-a950-8a5b2358bb33", "29b47364-08dd-4359-b31e-1d61823ccb77", "49b46bc3-9c01-44c6-8362-cb54b2e94d17", "b6284986-08d1-4b12-b0c8-d3d841ca3278", "7b911991-c977-44d8-a905-400091e70824", "0fc37958-075a-493a-bc39-2439ce0efacc", "6354d633-b81c-4725-aee3-6067bee85486", "6053b661-d014-4230-83e5-19f719ff1678", "539abb01-ca1e-4974-bfc3-af7ec13e7c5a", "44eb84aa-691e-4eed-876c-638296eacfdb", "a7354ee1-093b-49cd-bd9d-64efdcb7afc3", "5e20aae3-5c9c-473c-90dd-52bb25ddf750"]}}, {"model": "core.role", "pk": "7952b16a-81dd-414b-96dc-dcdf9347876f", "fields": {"sys_creator": "a0000000-0000-0000-0000-000000000001", "sys_create_datetime": "2025-12-31T16:15:07.644", "sys_modifier": null, "sys_update_datetime": "2025-12-31T16:15:07.644", "is_deleted": false, "sort": 0, "name": "普通角色", "code": "normal_role", "role_type": 1, "status": true, "data_scope": 0, "priority": 0, "description": null, "remark": null, "dept": [], "menu": ["0cbf5003-3fe1-4e55-a7c0-abbd763b2088", "2cc423ac-7054-4bf7-a01c-2dc7f0786cea", "5654405b-f168-4851-8ba2-11f29015abec", "59e09dcc-d92d-4dcc-860e-a67d421d1bf5", "a4e2df11-ed62-4941-a37c-4b9b538ca900", "d91b6c8b-b600-4b9f-84f5-782c0e3ccdd2", "f9b48f00-f4f1-4a83-b074-ba9593dfac99", "54ac6739-7f2d-45f4-bad9-ed93efa454a1", "ab1640ef-3dd3-47b8-84c4-8f8959017a35", "e300d38e-ad57-4305-bffb-8aabfb594e48", "748c6053-a261-4ddf-b64b-cdc5517f0b21", "d0000000-0000-0000-0000-000000000002", "d0000000-0000-0000-0000-000000000011", "ff97065b-b83a-4c7c-a413-7fbf37eacdc9", "b1b635a6-4700-44d2-b696-d5ac4fe528cd", "3e5b751e-f0b0-4873-914a-2d317e9762a0", "5e134b85-e1cb-4a59-b790-7931513380ca", "7ac607d5-f23f-47bd-94eb-cccd8541ff47"], "permission": ["7a50bc64-c466-46ad-a620-a92f6eab42b1", "b9700707-6a42-4946-9e97-f1beafc1bec4", "a2b8119d-ee63-453f-ac6d-3a20f0a40d96", "6f48c232-b655-4f38-8000-b0267a0c62f2", "2642c3a1-5c4b-4c94-8d02-269ec8923ebf", "56bc84a4-8b03-46cd-8738-ddd25e2a8ca3", "e1b9acc4-4205-4163-8589-4bf8621a54d3", "6f3c18ea-ed73-442a-9572-fb019f6689fb", "5382616a-8b6b-4817-a6e3-972da6aca01b", "4fafe13b-bf94-4701-94fa-41076fc48290", "63a8662e-bf6a-4c4b-b04b-b316015d03e8", "6a9c96e8-27a1-4456-80dc-8669755f6480", "5245083c-a557-4ba6-bb37-57f7291acff1", "53fe0d99-fdb8-48cd-a09c-2e1abaf90f1c", "a4593446-5f38-4446-8230-fd45bd7921b9", "7618d948-9732-4305-8be6-5ecb137b9cb7", "efde327f-c96c-4f63-ae28-4f51a5925275", "5a7598bb-2874-42f0-a642-507a8ed2224c", "2b7d123a-8762-46c7-bed7-19b8ba32e972", "9ed39bd5-d97a-4a2e-b187-d4a2be268d44", "763c771a-77ff-45d0-bb9f-df490f6b2530", "49b19ac3-a9bd-40ab-ae1c-ee536eff1fcf", "fcfd186f-7bae-4810-bc01-4028cc68e29f", "28f067c1-24fb-480f-8901-de3960e50529", "0827778f-7fb5-4df7-84d3-1db8b3ec35b8", "eac4c4c3-b649-425a-9969-3502577fbe38", "330ffd48-3a32-4ced-9e85-d8407e3465fc", "ca8c8356-4123-4c68-a63a-5a5477c61569", "3e3e4a89-fb77-4a64-8bf8-554a62f05a63", "9255b5ff-cae3-463a-b7c6-24967e9e5795", "f45ba2e4-74f5-4afb-8294-29e86b497eeb", "c4749b2a-5792-4bc1-aba9-0ec373013044", "48aa21f2-08c0-4596-a562-1c1e9d6b349d", "a8b911df-1571-4a73-8c71-c31ad05d37fa", "e47fdd94-5ff4-4a02-a905-f64ac5f3adbd", "51a72f5e-0022-483b-be4b-b6d39cdf444c", "e7772ec6-be50-4ad9-860e-40fa23483810", "74e845a4-2085-4c40-ba83-ef2182cfd2b9", "71eae6a3-316e-4efb-ae25-36627f9db75d", "77f1edfe-7af4-44f4-ab13-76ea68ab2acc", "54bbd953-b5e2-4419-a4b3-d8fcb7b6e0e2", "e8a831cf-a3fb-43f4-9d96-924a1621e02e", "906e66e0-db5c-4e21-a950-8a5b2358bb33", "29b47364-08dd-4359-b31e-1d61823ccb77", "49b46bc3-9c01-44c6-8362-cb54b2e94d17", "b6284986-08d1-4b12-b0c8-d3d841ca3278", "7b911991-c977-44d8-a905-400091e70824", "0fc37958-075a-493a-bc39-2439ce0efacc", "6354d633-b81c-4725-aee3-6067bee85486", "6053b661-d014-4230-83e5-19f719ff1678", "539abb01-ca1e-4974-bfc3-af7ec13e7c5a", "44eb84aa-691e-4eed-876c-638296eacfdb", "a7354ee1-093b-49cd-bd9d-64efdcb7afc3", "5e20aae3-5c9c-473c-90dd-52bb25ddf750"]}}, {"model": "core.user", "pk": "3dc41971-7edc-49ad-b1d3-03fd5d22184a", "fields": {"sys_creator": "a0000000-0000-0000-0000-000000000001", "sys_create_datetime": "2026-01-01T21:57:51.739", "sys_modifier": null, "sys_update_datetime": "2026-01-05T11:01:18.596", "is_deleted": false, "sort": 0, "username": "aaa", "password": "pbkdf2_sha256$1000000$3P8Uqb6qtSVz33BMdVbkZR$yjJw/xfuLgngyiD3isobN3E90JxTcpJWvHyaQlVYrnQ=", "is_superuser": false, "last_login": "2026-01-07T12:21:14.722", "email": null, "mobile": null, "avatar": "defc97d9-a5dc-4304-b271-72a464a96aad", "name": "aaa", "gender": 0, "user_type": 1, "user_status": 1, "birthday": null, "city": null, "address": null, "bio": null, "last_login_ip": "127.0.0.1", "oauth_provider": null, "gitee_id": null, "github_id": null, "qq_id": null, "google_id": null, "wechat_unionid": null, "wechat_openid": null, "microsoft_id": null, "dingtalk_unionid": null, "feishu_union_id": null, "last_login_type": "password", "dept": "2a0a2a88-42a4-4ab5-9eff-c21d59a03d40", "is_active": true, "manager": null, "post": [], "core_roles": ["7952b16a-81dd-414b-96dc-dcdf9347876f"]}}, {"model": "core.user", "pk": "a0000000-0000-0000-0000-000000000001", "fields": {"sys_creator": null, "sys_create_datetime": "2025-11-08T12:48:23.719", "sys_modifier": null, "sys_update_datetime": "2026-01-05T11:01:18.590", "is_deleted": false, "sort": 0, "username": "superadmin", "password": "pbkdf2_sha256$600000$TXgWg66vHvQ0A02BebNqMb$tOtvB+sEJCHi44xi7xVoWgQaCVsyb/6qPjfnJh5PH3c=", "is_superuser": true, "last_login": "2026-01-07T18:23:05.806", "email": "admin@example.com", "mobile": "13800000001", "avatar": "db5f3332-07d9-47e4-a536-177602428b5c", "name": "系统管理员", "gender": 1, "user_type": 0, "user_status": 1, "birthday": "1990-01-01", "city": "北京市", "address": "北京市朝阳区", "bio": "系统超级管理员账号", "last_login_ip": "127.0.0.1", "oauth_provider": null, "gitee_id": null, "github_id": null, "qq_id": null, "google_id": null, "wechat_unionid": null, "wechat_openid": null, "microsoft_id": null, "dingtalk_unionid": null, "feishu_union_id": null, "last_login_type": "password", "dept": "2a0a2a88-42a4-4ab5-9eff-c21d59a03d40", "is_active": true, "manager": null, "post": [], "core_roles": ["7952b16a-81dd-414b-96dc-dcdf9347876f"]}}, {"model": "core.user", "pk": "f63b06c8-530d-469c-9fa5-97b06016c09c", "fields": {"sys_creator": "a0000000-0000-0000-0000-000000000001", "sys_create_datetime": "2026-01-02T21:54:44.480", "sys_modifier": null, "sys_update_datetime": "2026-01-07T12:25:25.355", "is_deleted": false, "sort": 0, "username": "bbb", "password": "pbkdf2_sha256$1000000$0LovxHzWmujJzSy9pT2Cgp$Xzu6cimA+uTJHih324zFtlMWZccAyLaqmhTufBi5V3w=", "is_superuser": false, "last_login": "2026-01-07T12:25:04.951", "email": null, "mobile": null, "avatar": null, "name": "bbb", "gender": 0, "user_type": 1, "user_status": 1, "birthday": null, "city": null, "address": null, "bio": null, "last_login_ip": "127.0.0.1", "oauth_provider": null, "gitee_id": null, "github_id": null, "qq_id": null, "google_id": null, "wechat_unionid": null, "wechat_openid": null, "microsoft_id": null, "dingtalk_unionid": null, "feishu_union_id": null, "last_login_type": "password", "dept": "2a0a2a88-42a4-4ab5-9eff-c21d59a03d40", "is_active": true, "manager": null, "post": [], "core_roles": ["7952b16a-81dd-414b-96dc-dcdf9347876f"]}}, {"model": "core.loginlog", "pk": "0770d972-3a22-4c01-a431-ecf9a6d3d843", "fields": {"sys_creator": null, "sys_create_datetime": "2026-01-06T16:09:35.290", "sys_modifier": null, "sys_update_datetime": "2026-01-06T16:09:35.290", "is_deleted": false, "sort": 0, "user_id": "a0000000-0000-0000-0000-000000000001", "username": "superadmin", "login_type": "password", "status": 1, "failure_reason": null, "failure_message": null, "login_ip": "127.0.0.1", "ip_location": null, "user_agent": "Mozilla/5.0 (Windows NT 10.0; Win64; x64) AppleWebKit/537.36 (KHTML, like Gecko) Chrome/143.0.0.0 Safari/537.36", "browser_type": "Chrome", "os_type": "Windows", "device_type": "desktop", "duration": 0, "session_id": null, "remark": null}}, {"model": "core.loginlog", "pk": "22c72f9a-d401-4c51-a5cc-590ec751c78f", "fields": {"sys_creator": null, "sys_create_datetime": "2026-01-02T12:49:34.942", "sys_modifier": null, "sys_update_datetime": "2026-01-02T12:49:34.942", "is_deleted": false, "sort": 0, "user_id": "a0000000-0000-0000-0000-000000000001", "username": "superadmin", "login_type": "password", "status": 1, "failure_reason": null, "failure_message": null, "login_ip": "127.0.0.1", "ip_location": null, "user_agent": "Mozilla/5.0 (Windows NT 10.0; Win64; x64) AppleWebKit/537.36 (KHTML, like Gecko) Chrome/143.0.0.0 Safari/537.36", "browser_type": "Chrome", "os_type": "Windows", "device_type": "desktop", "duration": 0, "session_id": null, "remark": null}}, {"model": "core.loginlog", "pk": "3e33db9d-015e-4925-871c-871c3f515a24", "fields": {"sys_creator": null, "sys_create_datetime": "2026-01-06T13:55:19.617", "sys_modifier": null, "sys_update_datetime": "2026-01-06T13:55:19.617", "is_deleted": false, "sort": 0, "user_id": "3dc41971-7edc-49ad-b1d3-03fd5d22184a", "username": "aaa", "login_type": "password", "status": 1, "failure_reason": null, "failure_message": null, "login_ip": "127.0.0.1", "ip_location": null, "user_agent": "Mozilla/5.0 (Windows NT 10.0; Win64; x64) AppleWebKit/537.36 (KHTML, like Gecko) Chrome/143.0.0.0 Safari/537.36", "browser_type": "Chrome", "os_type": "Windows", "device_type": "desktop", "duration": 0, "session_id": null, "remark": null}}, {"model": "core.loginlog", "pk": "53611bf5-c695-4519-9465-42f803e58e43", "fields": {"sys_creator": null, "sys_create_datetime": "2026-01-01T21:58:25.678", "sys_modifier": null, "sys_update_datetime": "2026-01-01T21:58:25.678", "is_deleted": false, "sort": 0, "user_id": "3dc41971-7edc-49ad-b1d3-03fd5d22184a", "username": "aaa", "login_type": "password", "status": 1, "failure_reason": null, "failure_message": null, "login_ip": "127.0.0.1", "ip_location": null, "user_agent": "Mozilla/5.0 (Windows NT 10.0; Win64; x64) AppleWebKit/537.36 (KHTML, like Gecko) Chrome/143.0.0.0 Safari/537.36", "browser_type": "Chrome", "os_type": "Windows", "device_type": "desktop", "duration": 0, "session_id": null, "remark": null}}, {"model": "core.loginlog", "pk": "627e0898-d191-4439-b8cb-58a9829de4d7", "fields": {"sys_creator": null, "sys_create_datetime": "2026-01-07T18:23:05.795", "sys_modifier": null, "sys_update_datetime": "2026-01-07T18:23:05.795", "is_deleted": false, "sort": 0, "user_id": "a0000000-0000-0000-0000-000000000001", "username": "superadmin", "login_type": "password", "status": 1, "failure_reason": null, "failure_message": null, "login_ip": "127.0.0.1", "ip_location": null, "user_agent": "Mozilla/5.0 (Windows NT 10.0; Win64; x64) AppleWebKit/537.36 (KHTML, like Gecko) Chrome/143.0.0.0 Safari/537.36", "browser_type": "Chrome", "os_type": "Windows", "device_type": "desktop", "duration": 0, "session_id": null, "remark": null}}, {"model": "core.loginlog", "pk": "66004faf-8106-4929-b17e-cc66c034f8db", "fields": {"sys_creator": null, "sys_create_datetime": "2025-12-31T16:20:27.540", "sys_modifier": null, "sys_update_datetime": "2025-12-31T16:20:27.540", "is_deleted": false, "sort": 0, "user_id": "90939a50-66db-4752-9c18-f3e9f099a835", "username": "fuadmin", "login_type": "gitee", "status": 1, "failure_reason": null, "failure_message": null, "login_ip": "127.0.0.1", "ip_location": null, "user_agent": "Mozilla/5.0 (Macintosh; Intel Mac OS X 10_15_7) AppleWebKit/537.36 (KHTML, like Gecko) Chrome/143.0.0.0 Safari/537.36", "browser_type": "Chrome", "os_type": "Mac OS X", "device_type": "desktop", "duration": 0, "session_id": null, "remark": null}}, {"model": "core.loginlog", "pk": "84d8a7f7-127c-44ab-ab50-51c97d0de8a8", "fields": {"sys_creator": null, "sys_create_datetime": "2026-01-07T00:32:32.551", "sys_modifier": null, "sys_update_datetime": "2026-01-07T00:32:32.551", "is_deleted": false, "sort": 0, "user_id": "3dc41971-7edc-49ad-b1d3-03fd5d22184a", "username": "aaa", "login_type": "password", "status": 1, "failure_reason": null, "failure_message": null, "login_ip": "127.0.0.1", "ip_location": null, "user_agent": "Mozilla/5.0 (Windows NT 10.0; Win64; x64) AppleWebKit/537.36 (KHTML, like Gecko) Chrome/143.0.0.0 Safari/537.36", "browser_type": "Chrome", "os_type": "Windows", "device_type": "desktop", "duration": 0, "session_id": null, "remark": null}}, {"model": "core.loginlog", "pk": "85cb48f3-ddbf-4892-9cdd-c0beaa9d0dbe", "fields": {"sys_creator": null, "sys_create_datetime": "2025-12-31T21:41:47.504", "sys_modifier": null, "sys_update_datetime": "2025-12-31T21:41:47.504", "is_deleted": false, "sort": 0, "user_id": null, "username": "superadmin", "login_type": "password", "status": 0, "failure_reason": 1, "failure_message": "用户不存在", "login_ip": "127.0.0.1", "ip_location": null, "user_agent": "Mozilla/5.0 (Windows NT 10.0; Win64; x64) AppleWebKit/537.36 (KHTML, like Gecko) Chrome/143.0.0.0 Safari/537.36", "browser_type": null, "os_type": null, "device_type": null, "duration": 0, "session_id": null, "remark": null}}, {"model": "core.loginlog", "pk": "85d3f99b-4a4f-42ca-b0cd-b43b5b1eca40", "fields": {"sys_creator": null, "sys_create_datetime": "2025-12-31T21:42:40.354", "sys_modifier": null, "sys_update_datetime": "2025-12-31T21:42:40.354", "is_deleted": false, "sort": 0, "user_id": "a0000000-0000-0000-0000-000000000001", "username": "superadmin", "login_type": "password", "status": 1, "failure_reason": null, "failure_message": null, "login_ip": "127.0.0.1", "ip_location": null, "user_agent": "Mozilla/5.0 (Windows NT 10.0; Win64; x64) AppleWebKit/537.36 (KHTML, like Gecko) Chrome/143.0.0.0 Safari/537.36", "browser_type": "Chrome", "os_type": "Windows", "device_type": "desktop", "duration": 0, "session_id": null, "remark": null}}, {"model": "core.loginlog", "pk": "95d40b7c-b6c0-4f4f-aa1c-f933ee1bdd4c", "fields": {"sys_creator": null, "sys_create_datetime": "2026-01-05T17:02:00.455", "sys_modifier": null, "sys_update_datetime": "2026-01-05T17:02:00.455", "is_deleted": false, "sort": 0, "user_id": "3dc41971-7edc-49ad-b1d3-03fd5d22184a", "username": "aaa", "login_type": "password", "status": 1, "failure_reason": null, "failure_message": null, "login_ip": "127.0.0.1", "ip_location": null, "user_agent": "Mozilla/5.0 (Windows NT 10.0; Win64; x64) AppleWebKit/537.36 (KHTML, like Gecko) Chrome/143.0.0.0 Safari/537.36", "browser_type": "Chrome", "os_type": "Windows", "device_type": "desktop", "duration": 0, "session_id": null, "remark": null}}, {"model": "core.loginlog", "pk": "bd52bad6-8731-4648-b53c-1f22c96b24c2", "fields": {"sys_creator": null, "sys_create_datetime": "2026-01-07T01:09:50.221", "sys_modifier": null, "sys_update_datetime": "2026-01-07T01:09:50.221", "is_deleted": false, "sort": 0, "user_id": "3dc41971-7edc-49ad-b1d3-03fd5d22184a", "username": "aaa", "login_type": "password", "status": 1, "failure_reason": null, "failure_message": null, "login_ip": "127.0.0.1", "ip_location": null, "user_agent": "Mozilla/5.0 (Windows NT 10.0; Win64; x64) AppleWebKit/537.36 (KHTML, like Gecko) Chrome/143.0.0.0 Safari/537.36", "browser_type": "Chrome", "os_type": "Windows", "device_type": "desktop", "duration": 0, "session_id": null, "remark": null}}, {"model": "core.loginlog", "pk": "beda7ff9-2cf2-4743-9a5b-2017556cd7a9", "fields": {"sys_creator": null, "sys_create_datetime": "2026-01-06T08:44:39.720", "sys_modifier": null, "sys_update_datetime": "2026-01-06T08:44:39.720", "is_deleted": false, "sort": 0, "user_id": "3dc41971-7edc-49ad-b1d3-03fd5d22184a", "username": "aaa", "login_type": "password", "status": 1, "failure_reason": null, "failure_message": null, "login_ip": "127.0.0.1", "ip_location": null, "user_agent": "Mozilla/5.0 (Windows NT 10.0; Win64; x64) AppleWebKit/537.36 (KHTML, like Gecko) Chrome/143.0.0.0 Safari/537.36", "browser_type": "Chrome", "os_type": "Windows", "device_type": "desktop", "duration": 0, "session_id": null, "remark": null}}, {"model": "core.loginlog", "pk": "c172ec0e-3a01-4e93-bf6c-175f76507ca8", "fields": {"sys_creator": null, "sys_create_datetime": "2026-01-07T12:25:04.947", "sys_modifier": null, "sys_update_datetime": "2026-01-07T12:25:04.947", "is_deleted": false, "sort": 0, "user_id": "f63b06c8-530d-469c-9fa5-97b06016c09c", "username": "bbb", "login_type": "password", "status": 1, "failure_reason": null, "failure_message": null, "login_ip": "127.0.0.1", "ip_location": null, "user_agent": "Mozilla/5.0 (Windows NT 10.0; Win64; x64) AppleWebKit/537.36 (KHTML, like Gecko) Chrome/143.0.0.0 Safari/537.36", "browser_type": "Chrome", "os_type": "Windows", "device_type": "desktop", "duration": 0, "session_id": null, "remark": null}}, {"model": "core.loginlog", "pk": "c3f7e434-de95-436a-8f8d-e546d0e092ac", "fields": {"sys_creator": null, "sys_create_datetime": "2026-01-06T12:14:12.185", "sys_modifier": null, "sys_update_datetime": "2026-01-06T12:14:12.185", "is_deleted": false, "sort": 0, "user_id": "3dc41971-7edc-49ad-b1d3-03fd5d22184a", "username": "aaa", "login_type": "password", "status": 1, "failure_reason": null, "failure_message": null, "login_ip": "127.0.0.1", "ip_location": null, "user_agent": "Mozilla/5.0 (Windows NT 10.0; Win64; x64) AppleWebKit/537.36 (KHTML, like Gecko) Chrome/143.0.0.0 Safari/537.36", "browser_type": "Chrome", "os_type": "Windows", "device_type": "desktop", "duration": 0, "session_id": null, "remark": null}}, {"model": "core.loginlog", "pk": "cd34d0d0-f4e7-427c-8baf-f672c845af7f", "fields": {"sys_creator": null, "sys_create_datetime": "2026-01-06T16:33:47.924", "sys_modifier": null, "sys_update_datetime": "2026-01-06T16:33:47.924", "is_deleted": false, "sort": 0, "user_id": "a0000000-0000-0000-0000-000000000001", "username": "superadmin", "login_type": "password", "status": 1, "failure_reason": null, "failure_message": null, "login_ip": "127.0.0.1", "ip_location": null, "user_agent": "Mozilla/5.0 (Windows NT 10.0; Win64; x64) AppleWebKit/537.36 (KHTML, like Gecko) Chrome/143.0.0.0 Safari/537.36", "browser_type": "Chrome", "os_type": "Windows", "device_type": "desktop", "duration": 0, "session_id": null, "remark": null}}, {"model": "core.loginlog", "pk": "dd510987-9624-42fd-9a2f-c64f81680ddf", "fields": {"sys_creator": null, "sys_create_datetime": "2026-01-07T12:21:14.714", "sys_modifier": null, "sys_update_datetime": "2026-01-07T12:21:14.714", "is_deleted": false, "sort": 0, "user_id": "3dc41971-7edc-49ad-b1d3-03fd5d22184a", "username": "aaa", "login_type": "password", "status": 1, "failure_reason": null, "failure_message": null, "login_ip": "127.0.0.1", "ip_location": null, "user_agent": "Mozilla/5.0 (Windows NT 10.0; Win64; x64) AppleWebKit/537.36 (KHTML, like Gecko) Chrome/143.0.0.0 Safari/537.36", "browser_type": "Chrome", "os_type": "Windows", "device_type": "desktop", "duration": 0, "session_id": null, "remark": null}}, {"model": "core.loginlog", "pk": "f7500898-7047-4aed-ba7a-c137d18d0098", "fields": {"sys_creator": null, "sys_create_datetime": "2026-01-01T22:14:49.206", "sys_modifier": null, "sys_update_datetime": "2026-01-01T22:14:49.206", "is_deleted": false, "sort": 0, "user_id": "3dc41971-7edc-49ad-b1d3-03fd5d22184a", "username": "aaa", "login_type": "password", "status": 1, "failure_reason": null, "failure_message": null, "login_ip": "127.0.0.1", "ip_location": null, "user_agent": "Mozilla/5.0 (Windows NT 10.0; Win64; x64) AppleWebKit/537.36 (KHTML, like Gecko) Chrome/143.0.0.0 Safari/537.36", "browser_type": "Chrome", "os_type": "Windows", "device_type": "desktop", "duration": 0, "session_id": null, "remark": null}}, {"model": "core.loginlog", "pk": "fecd0ca2-80b7-4cdf-92c0-a3769b756f2b", "fields": {"sys_creator": null, "sys_create_datetime": "2026-01-05T09:02:56.338", "sys_modifier": null, "sys_update_datetime": "2026-01-05T09:02:56.338", "is_deleted": false, "sort": 0, "user_id": "3dc41971-7edc-49ad-b1d3-03fd5d22184a", "username": "aaa", "login_type": "password", "status": 1, "failure_reason": null, "failure_message": null, "login_ip": "127.0.0.1", "ip_location": null, "user_agent": "Mozilla/5.0 (Windows NT 10.0; Win64; x64) AppleWebKit/537.36 (KHTML, like Gecko) Chrome/143.0.0.0 Safari/537.36", "browser_type": "Chrome", "os_type": "Windows", "device_type": "desktop", "duration": 0, "session_id": null, "remark": null}}, {"model": "core.filemanager", "pk": "0359f813-5345-4068-8960-70442c67f6a4", "fields": {"sys_creator": "a0000000-0000-0000-0000-000000000001", "sys_create_datetime": "2026-01-03T22:26:48.829", "sys_modifier": null, "sys_update_datetime": "2026-01-03T22:26:48.829", "is_deleted": false, "sort": 0, "name": "README.htm", "type": "file", "parent": "2257251d-0146-46c5-9209-ca48b3055496", "path": "testcases/3/README.htm", "size": 296626, "file_ext": ".htm", "mime_type": "text/html", "storage_type": "local", "storage_path": "testcases/3\\20260103222648826094_README.htm", "url": "testcases/3\\20260103222648826094_README.htm", "thumbnail_url": null, "md5": "cc9100f444f69b4ed797a3dc433cdd47", "is_public": false, "download_count": 0}}, {"model": "core.filemanager", "pk": "0c626b2b-0527-4c45-933a-8f068b15c7e3", "fields": {"sys_creator": "a0000000-0000-0000-0000-000000000001", "sys_create_datetime": "2026-01-07T16:07:27.816", "sys_modifier": null, "sys_update_datetime": "2026-01-07T16:07:27.816", "is_deleted": false, "sort": 0, "name": "data1.in", "type": "file", "parent": "2d2b9e39-dca7-4a29-bdc0-a23cb0e99771", "path": "testcases/b167ac35-591e-4d1c-8e5b-e9641f1de9e7/data1.in", "size": 13, "file_ext": ".in", "mime_type": "application/octet-stream", "storage_type": "local", "storage_path": "testcases/b167ac35-591e-4d1c-8e5b-e9641f1de9e7\\20260107160727813482_data1.in", "url": "testcases/b167ac35-591e-4d1c-8e5b-e9641f1de9e7\\20260107160727813482_data1.in", "thumbnail_url": null, "md5": "a49aa1637c514c411c396b96a543352b", "is_public": false, "download_count": 0}}, {"model": "core.filemanager", "pk": "2257251d-0146-46c5-9209-ca48b3055496", "fields": {"sys_creator": "a0000000-0000-0000-0000-000000000001", "sys_create_datetime": "2026-01-02T22:25:56.902", "sys_modifier": null, "sys_update_datetime": "2026-01-02T22:25:56.902", "is_deleted": false, "sort": 0, "name": "3", "type": "folder", "parent": "ee45d872-ade7-463e-9ab3-29bdf0880ee5", "path": "testcases/3", "size": 0, "file_ext": null, "mime_type": null, "storage_type": "local", "storage_path": "", "url": null, "thumbnail_url": null, "md5": null, "is_public": false, "download_count": 0}}, {"model": "core.filemanager", "pk": "2a826049-8450-409f-85aa-7a2a8ce260cc", "fields": {"sys_creator": "a0000000-0000-0000-0000-000000000001", "sys_create_datetime": "2026-01-03T22:26:48.833", "sys_modifier": null, "sys_update_datetime": "2026-01-03T22:26:48.833", "is_deleted": false, "sort": 0, "name": "c1e3d4ff3247a892ca44f62ab5ab8933.temp", "type": "file", "parent": "2257251d-0146-46c5-9209-ca48b3055496", "path": "testcases/3/c1e3d4ff3247a892ca44f62ab5ab8933.temp", "size": 0, "file_ext": ".temp", "mime_type": "application/octet-stream", "storage_type": "local", "storage_path": "testcases/3\\20260103222648832467_c1e3d4ff3247a892ca44f62ab5ab8933.temp", "url": "testcases/3\\20260103222648832467_c1e3d4ff3247a892ca44f62ab5ab8933.temp", "thumbnail_url": null, "md5": "d41d8cd98f00b204e9800998ecf8427e", "is_public": false, "download_count": 0}}, {"model": "core.filemanager", "pk": "2d2b9e39-dca7-4a29-bdc0-a23cb0e99771", "fields": {"sys_creator": "a0000000-0000-0000-0000-000000000001", "sys_create_datetime": "2026-01-07T16:07:27.811", "sys_modifier": null, "sys_update_datetime": "2026-01-07T16:07:27.811", "is_deleted": false, "sort": 0, "name": "b167ac35-591e-4d1c-8e5b-e9641f1de9e7", "type": "folder", "parent": "ee45d872-ade7-463e-9ab3-29bdf0880ee5", "path": "testcases/b167ac35-591e-4d1c-8e5b-e9641f1de9e7", "size": 0, "file_ext": null, "mime_type": null, "storage_type": "local", "storage_path": "", "url": null, "thumbnail_url": null, "md5": null, "is_public": false, "download_count": 0}}, {"model": "core.filemanager", "pk": "532e22bd-3b79-445e-b35e-830fa2d87980", "fields": {"sys_creator": "a0000000-0000-0000-0000-000000000001", "sys_create_datetime": "2025-12-31T23:49:27.579", "sys_modifier": null, "sys_update_datetime": "2025-12-31T23:49:27.579", "is_deleted": false, "sort": 0, "name": "PixPin_2024-07-25_19-56-15.png", "type": "file", "parent": "a0366e1b-fdd7-462c-8017-c58eb70d90b5", "path": "testcases/1/PixPin_2024-07-25_19-56-15.png", "size": 183779, "file_ext": ".png", "mime_type": "image/png", "storage_type": "local", "storage_path": "testcases/1\\20251231234927578465_PixPin_2024-07-25_19-56-15.png", "url": "testcases/1\\20251231234927578465_PixPin_2024-07-25_19-56-15.png", "thumbnail_url": null, "md5": "0697b267c8c7c72d8b50f7254c5dcb14", "is_public": false, "download_count": 2}}, {"model": "core.filemanager", "pk": "5a84456d-cca1-457c-9d98-4d2b6e6ddfdb", "fields": {"sys_creator": "a0000000-0000-0000-0000-000000000001", "sys_create_datetime": "2026-01-07T16:07:27.843", "sys_modifier": null, "sys_update_datetime": "2026-01-07T16:07:27.843", "is_deleted": false, "sort": 0, "name": "data2.out", "type": "file", "parent": "2d2b9e39-dca7-4a29-bdc0-a23cb0e99771", "path": "testcases/b167ac35-591e-4d1c-8e5b-e9641f1de9e7/data2.out", "size": 5, "file_ext": ".out", "mime_type": "application/octet-stream", "storage_type": "local", "storage_path": "testcases/b167ac35-591e-4d1c-8e5b-e9641f1de9e7\\20260107160727842726_data2.out", "url": "testcases/b167ac35-591e-4d1c-8e5b-e9641f1de9e7\\20260107160727842726_data2.out", "thumbnail_url": null, "md5": "4d18db80e353e526ad6d42a62aaa29be", "is_public": false, "download_count": 0}}, {"model": "core.filemanager", "pk": "6176ad8a-3703-4519-b6aa-6e4b3cde9564", "fields": {"sys_creator": "a0000000-0000-0000-0000-000000000001", "sys_create_datetime": "2026-01-07T15:50:34.884", "sys_modifier": null, "sys_update_datetime": "2026-01-07T15:50:34.884", "is_deleted": false, "sort": 0, "name": "60e8fd88-416a-47c7-91a2-e02d7627a075", "type": "folder", "parent": "ee45d872-ade7-463e-9ab3-29bdf0880ee5", "path": "testcases/60e8fd88-416a-47c7-91a2-e02d7627a075", "size": 0, "file_ext": null, "mime_type": null, "storage_type": "local", "storage_path": "", "url": null, "thumbnail_url": null, "md5": null, "is_public": false, "download_count": 0}}, {"model": "core.filemanager", "pk": "77f6cc53-abab-4ce8-88ad-add2449ec706", "fields": {"sys_creator": "a0000000-0000-0000-0000-000000000001", "sys_create_datetime": "2026-01-01T01:11:30.398", "sys_modifier": null, "sys_update_datetime": "2026-01-01T01:11:30.398", "is_deleted": false, "sort": 0, "name": "PixPin_2024-07-25_19-56-15.png", "type": "file", "parent": "a0366e1b-fdd7-462c-8017-c58eb70d90b5", "path": "testcases/1/PixPin_2024-07-25_19-56-15.png", "size": 183779, "file_ext": ".png", "mime_type": "image/png", "storage_type": "local", "storage_path": "testcases/1\\20260101011130396652_PixPin_2024-07-25_19-56-15.png", "url": "testcases/1\\20260101011130396652_PixPin_2024-07-25_19-56-15.png", "thumbnail_url": null, "md5": "0697b267c8c7c72d8b50f7254c5dcb14", "is_public": false, "download_count": 2}}, {"model": "core.filemanager", "pk": "7a2d4d97-d1c0-48a9-8475-e28b3cccd236", "fields": {"sys_creator": "a0000000-0000-0000-0000-000000000001", "sys_create_datetime": "2026-01-07T16:07:27.817", "sys_modifier": null, "sys_update_datetime": "2026-01-07T16:07:27.817", "is_deleted": false, "sort": 0, "name": "data1.out", "type": "file", "parent": "2d2b9e39-dca7-4a29-bdc0-a23cb0e99771", "path": "testcases/b167ac35-591e-4d1c-8e5b-e9641f1de9e7/data1.out", "size": 0, "file_ext": ".out", "mime_type": "application/octet-stream", "storage_type": "local", "storage_path": "testcases/b167ac35-591e-4d1c-8e5b-e9641f1de9e7\\20260107160727816242_data1.out", "url": "testcases/b167ac35-591e-4d1c-8e5b-e9641f1de9e7\\20260107160727816242_data1.out", "thumbnail_url": null, "md5": "d41d8cd98f00b204e9800998ecf8427e", "is_public": false, "download_count": 0}}, {"model": "core.filemanager", "pk": "807b9357-3b06-4900-819e-212dbe79b6e9", "fields": {"sys_creator": "a0000000-0000-0000-0000-000000000001", "sys_create_datetime": "2026-01-07T16:01:32.899", "sys_modifier": null, "sys_update_datetime": "2026-01-07T16:01:32.899", "is_deleted": false, "sort": 0, "name": "data8.in", "type": "file", "parent": "6176ad8a-3703-4519-b6aa-6e4b3cde9564", "path": "testcases/60e8fd88-416a-47c7-91a2-e02d7627a075/data8.in", "size": 6777796, "file_ext": ".in", "mime_type": "application/octet-stream", "storage_type": "local", "storage_path": "testcases/60e8fd88-416a-47c7-91a2-e02d7627a075\\20260107160132882097_data8.in", "url": "testcases/60e8fd88-416a-47c7-91a2-e02d7627a075\\20260107160132882097_data8.in", "thumbnail_url": null, "md5": "1e9e9fe17538ff848ffdeb69a66fd30a", "is_public": false, "download_count": 0}}, {"model": "core.filemanager", "pk": "94c30816-a650-4bf2-b853-b6a2b1f692aa", "fields": {"sys_creator": "a0000000-0000-0000-0000-000000000001", "sys_create_datetime": "2026-01-07T15:50:34.912", "sys_modifier": null, "sys_update_datetime": "2026-01-07T15:50:34.912", "is_deleted": false, "sort": 0, "name": "data8.out", "type": "file", "parent": "6176ad8a-3703-4519-b6aa-6e4b3cde9564", "path": "testcases/60e8fd88-416a-47c7-91a2-e02d7627a075/data8.out", "size": 11, "file_ext": ".out", "mime_type": "application/octet-stream", "storage_type": "local", "storage_path": "testcases/60e8fd88-416a-47c7-91a2-e02d7627a075\\20260107155034910996_data8.out", "url": "testcases/60e8fd88-416a-47c7-91a2-e02d7627a075\\20260107155034910996_data8.out", "thumbnail_url": null, "md5": "d81b687eb22d82d40b0524c93db3cf7c", "is_public": false, "download_count": 0}}, {"model": "core.filemanager", "pk": "975aff92-0eb3-4c34-b344-8c5c77ba8446", "fields": {"sys_creator": "a0000000-0000-0000-0000-000000000001", "sys_create_datetime": "2025-12-31T23:49:27.577", "sys_modifier": null, "sys_update_datetime": "2025-12-31T23:49:27.577", "is_deleted": false, "sort": 0, "name": "1.实训过程提要.doc", "type": "file", "parent": "a0366e1b-fdd7-462c-8017-c58eb70d90b5", "path": "testcases/1/1.实训过程提要.doc", "size": 32256, "file_ext": ".doc", "mime_type": "application/msword", "storage_type": "local", "storage_path": "testcases/1\\20251231234927576527_1.实训过程提要.doc", "url": "testcases/1\\20251231234927576527_1.实训过程提要.doc", "thumbnail_url": null, "md5": "88b98c5337ca0cbd297797b30fb557f8", "is_public": false, "download_count": 0}}, {"model": "core.filemanager", "pk": "99b26052-f67e-494f-992b-aa46ea744a42", "fields": {"sys_creator": "a0000000-0000-0000-0000-000000000001", "sys_create_datetime": "2026-01-01T13:09:31.448", "sys_modifier": null, "sys_update_datetime": "2026-01-01T13:09:31.448", "is_deleted": false, "sort": 0, "name": "PixPin_2024-07-25_19-56-15.png", "type": "file", "parent": "cb87264b-038e-4a00-93aa-f50d7fba5d44", "path": "testcases/2/PixPin_2024-07-25_19-56-15.png", "size": 183779, "file_ext": ".png", "mime_type": "image/png", "storage_type": "local", "storage_path": "testcases/2\\20260101130931445915_PixPin_2024-07-25_19-56-15.png", "url": "testcases/2\\20260101130931445915_PixPin_2024-07-25_19-56-15.png", "thumbnail_url": null, "md5": "0697b267c8c7c72d8b50f7254c5dcb14", "is_public": false, "download_count": 1}}, {"model": "core.filemanager", "pk": "a0366e1b-fdd7-462c-8017-c58eb70d90b5", "fields": {"sys_creator": "a0000000-0000-0000-0000-000000000001", "sys_create_datetime": "2025-12-31T23:49:27.575", "sys_modifier": null, "sys_update_datetime": "2025-12-31T23:49:27.575", "is_deleted": false, "sort": 0, "name": "1", "type": "folder", "parent": "ee45d872-ade7-463e-9ab3-29bdf0880ee5", "path": "testcases/1", "size": 0, "file_ext": null, "mime_type": null, "storage_type": "local", "storage_path": "", "url": null, "thumbnail_url": null, "md5": null, "is_public": false, "download_count": 0}}, {"model": "core.filemanager", "pk": "a45edc66-f9d4-4259-b470-6d7f1ff79b21", "fields": {"sys_creator": "a0000000-0000-0000-0000-000000000001", "sys_create_datetime": "2026-01-01T13:09:31.444", "sys_modifier": null, "sys_update_datetime": "2026-01-01T13:09:31.444", "is_deleted": false, "sort": 0, "name": "Snipaste_2023-11-08_00-02-05.png", "type": "file", "parent": "cb87264b-038e-4a00-93aa-f50d7fba5d44", "path": "testcases/2/Snipaste_2023-11-08_00-02-05.png", "size": 888353, "file_ext": ".png", "mime_type": "image/png", "storage_type": "local", "storage_path": "testcases/2\\20260101130931440068_Snipaste_2023-11-08_00-02-05.png", "url": "testcases/2\\20260101130931440068_Snipaste_2023-11-08_00-02-05.png", "thumbnail_url": null, "md5": "07b74ed6b2eb058057358c797950d296", "is_public": false, "download_count": 1}}, {"model": "core.filemanager", "pk": "ad3bd2e4-24e4-4772-a747-3dd8800c053e", "fields": {"sys_creator": "a0000000-0000-0000-0000-000000000001", "sys_create_datetime": "2026-01-07T16:01:32.902", "sys_modifier": null, "sys_update_datetime": "2026-01-07T16:01:32.902", "is_deleted": false, "sort": 0, "name": "data8.out", "type": "file", "parent": "6176ad8a-3703-4519-b6aa-6e4b3cde9564", "path": "testcases/60e8fd88-416a-47c7-91a2-e02d7627a075/data8.out", "size": 11, "file_ext": ".out", "mime_type": "application/octet-stream", "storage_type": "local", "storage_path": "testcases/60e8fd88-416a-47c7-91a2-e02d7627a075\\20260107160132902298_data8.out", "url": "testcases/60e8fd88-416a-47c7-91a2-e02d7627a075\\20260107160132902298_data8.out", "thumbnail_url": null, "md5": "d81b687eb22d82d40b0524c93db3cf7c", "is_public": false, "download_count": 0}}, {"model": "core.filemanager", "pk": "b4b94dbf-116e-4a13-9ea8-920dabfafc93", "fields": {"sys_creator": "a0000000-0000-0000-0000-000000000001", "sys_create_datetime": "2026-01-02T22:25:56.905", "sys_modifier": null, "sys_update_datetime": "2026-01-02T22:25:56.905", "is_deleted": false, "sort": 0, "name": "c1e3d4ff3247a892ca44f62ab5ab8933.temp", "type": "file", "parent": "2257251d-0146-46c5-9209-ca48b3055496", "path": "testcases/3/c1e3d4ff3247a892ca44f62ab5ab8933.temp", "size": 0, "file_ext": ".temp", "mime_type": "application/octet-stream", "storage_type": "local", "storage_path": "testcases/3\\20260102222556904328_c1e3d4ff3247a892ca44f62ab5ab8933.temp", "url": "testcases/3\\20260102222556904328_c1e3d4ff3247a892ca44f62ab5ab8933.temp", "thumbnail_url": null, "md5": "d41d8cd98f00b204e9800998ecf8427e", "is_public": false, "download_count": 0}}, {"model": "core.filemanager", "pk": "b5a1ead8-4d98-4fe5-8599-dd57c0271dd7", "fields": {"sys_creator": "a0000000-0000-0000-0000-000000000001", "sys_create_datetime": "2026-01-01T01:11:30.395", "sys_modifier": null, "sys_update_datetime": "2026-01-01T01:11:30.395", "is_deleted": false, "sort": 0, "name": "PixPin_2024-07-25_19-56-15.png", "type": "file", "parent": "a0366e1b-fdd7-462c-8017-c58eb70d90b5", "path": "testcases/1/PixPin_2024-07-25_19-56-15.png", "size": 183779, "file_ext": ".png", "mime_type": "image/png", "storage_type": "local", "storage_path": "testcases/1\\20260101011130393267_PixPin_2024-07-25_19-56-15.png", "url": "testcases/1\\20260101011130393267_PixPin_2024-07-25_19-56-15.png", "thumbnail_url": null, "md5": "0697b267c8c7c72d8b50f7254c5dcb14", "is_public": false, "download_count": 2}}, {"model": "core.filemanager", "pk": "bf1c8950-0931-4b3c-9602-4b6e7a287bba", "fields": {"sys_creator": "a0000000-0000-0000-0000-000000000001", "sys_create_datetime": "2026-01-07T15:50:34.909", "sys_modifier": null, "sys_update_datetime": "2026-01-07T15:50:34.909", "is_deleted": false, "sort": 0, "name": "data8.in", "type": "file", "parent": "6176ad8a-3703-4519-b6aa-6e4b3cde9564", "path": "testcases/60e8fd88-416a-47c7-91a2-e02d7627a075/data8.in", "size": 6777796, "file_ext": ".in", "mime_type": "application/octet-stream", "storage_type": "local", "storage_path": "testcases/60e8fd88-416a-47c7-91a2-e02d7627a075\\20260107155034889098_data8.in", "url": "testcases/60e8fd88-416a-47c7-91a2-e02d7627a075\\20260107155034889098_data8.in", "thumbnail_url": null, "md5": "1e9e9fe17538ff848ffdeb69a66fd30a", "is_public": false, "download_count": 0}}, {"model": "core.filemanager", "pk": "c91e1fe2-9987-47ad-b245-54f7f397000a", "fields": {"sys_creator": "a0000000-0000-0000-0000-000000000001", "sys_create_datetime": "2026-01-07T16:07:27.840", "sys_modifier": null, "sys_update_datetime": "2026-01-07T16:07:27.840", "is_deleted": false, "sort": 0, "name": "data2.in", "type": "file", "parent": "2d2b9e39-dca7-4a29-bdc0-a23cb0e99771", "path": "testcases/b167ac35-591e-4d1c-8e5b-e9641f1de9e7/data2.in", "size": 13, "file_ext": ".in", "mime_type": "application/octet-stream", "storage_type": "local", "storage_path": "testcases/b167ac35-591e-4d1c-8e5b-e9641f1de9e7\\20260107160727839219_data2.in", "url": "testcases/b167ac35-591e-4d1c-8e5b-e9641f1de9e7\\20260107160727839219_data2.in", "thumbnail_url": null, "md5": "a49aa1637c514c411c396b96a543352b", "is_public": false, "download_count": 0}}, {"model": "core.filemanager", "pk": "cb87264b-038e-4a00-93aa-f50d7fba5d44", "fields": {"sys_creator": "a0000000-0000-0000-0000-000000000001", "sys_create_datetime": "2026-01-01T13:09:31.436", "sys_modifier": null, "sys_update_datetime": "2026-01-01T13:09:31.436", "is_deleted": false, "sort": 0, "name": "2", "type": "folder", "parent": "ee45d872-ade7-463e-9ab3-29bdf0880ee5", "path": "testcases/2", "size": 0, "file_ext": null, "mime_type": null, "storage_type": "local", "storage_path": "", "url": null, "thumbnail_url": null, "md5": null, "is_public": false, "download_count": 0}}, {"model": "core.filemanager", "pk": "d557c4b3-880f-4cfa-b54e-887d26689706", "fields": {"sys_creator": "a0000000-0000-0000-0000-000000000001", "sys_create_datetime": "2026-01-06T08:43:33.668", "sys_modifier": null, "sys_update_datetime": "2026-01-06T08:43:33.668", "is_deleted": false, "sort": 0, "name": "a6428557-f9eb-403a-86b4-dfb051e53a3c", "type": "folder", "parent": "ee45d872-ade7-463e-9ab3-29bdf0880ee5", "path": "testcases/a6428557-f9eb-403a-86b4-dfb051e53a3c", "size": 0, "file_ext": null, "mime_type": null, "storage_type": "local", "storage_path": "", "url": null, "thumbnail_url": null, "md5": null, "is_public": false, "download_count": 0}}, {"model": "core.filemanager", "pk": "db5f3332-07d9-47e4-a536-177602428b5c", "fields": {"sys_creator": "a0000000-0000-0000-0000-000000000001", "sys_create_datetime": "2025-12-31T21:42:54.794", "sys_modifier": null, "sys_update_datetime": "2025-12-31T21:42:54.794", "is_deleted": false, "sort": 0, "name": "Snipaste_2023-11-08_00-02-05.png", "type": "file", "parent": null, "path": "Snipaste_2023-11-08_00-02-05.png", "size": 590589, "file_ext": ".png", "mime_type": "image/png", "storage_type": "local", "storage_path": "20251231214254791411_Snipaste_2023-11-08_00-02-05.png", "url": "20251231214254791411_Snipaste_2023-11-08_00-02-05.png", "thumbnail_url": null, "md5": "39ccec4e7a312fcc2b63ba8947d5ec9c", "is_public": false, "download_count": 79}}, {"model": "core.filemanager", "pk": "defc97d9-a5dc-4304-b271-72a464a96aad", "fields": {"sys_creator": "a0000000-0000-0000-0000-000000000001", "sys_create_datetime": "2026-01-01T21:57:42.805", "sys_modifier": null, "sys_update_datetime": "2026-01-01T21:57:42.805", "is_deleted": false, "sort": 0, "name": "horse.png", "type": "file", "parent": null, "path": "horse.png", "size": 30487, "file_ext": ".png", "mime_type": "image/png", "storage_type": "local", "storage_path": "20260101215742800936_horse.png", "url": "20260101215742800936_horse.png", "thumbnail_url": null, "md5": "ee9ebdf9b4d170b0617255ed0d14c464", "is_public": false, "download_count": 39}}, {"model": "core.filemanager", "pk": "e591d7b2-e366-4d38-af9c-fa63b1fc5548", "fields": {"sys_creator": "a0000000-0000-0000-0000-000000000001", "sys_create_datetime": "2026-01-07T16:07:27.906", "sys_modifier": null, "sys_update_datetime": "2026-01-07T16:07:27.906", "is_deleted": false, "sort": 0, "name": "data8.in", "type": "file", "parent": "2d2b9e39-dca7-4a29-bdc0-a23cb0e99771", "path": "testcases/b167ac35-591e-4d1c-8e5b-e9641f1de9e7/data8.in", "size": 6777796, "file_ext": ".in", "mime_type": "application/octet-stream", "storage_type": "local", "storage_path": "testcases/b167ac35-591e-4d1c-8e5b-e9641f1de9e7\\20260107160727888062_data8.in", "url": "testcases/b167ac35-591e-4d1c-8e5b-e9641f1de9e7\\20260107160727888062_data8.in", "thumbnail_url": null, "md5": "1e9e9fe17538ff848ffdeb69a66fd30a", "is_public": false, "download_count": 0}}, {"model": "core.filemanager", "pk": "e5e7a3c5-7ee2-49db-bc01-74f0d3a540f1", "fields": {"sys_creator": "a0000000-0000-0000-0000-000000000001", "sys_create_datetime": "2026-01-06T08:43:33.670", "sys_modifier": null, "sys_update_datetime": "2026-01-06T08:43:33.670", "is_deleted": false, "sort": 0, "name": "登录系统--完善个人邮箱 (1).doc", "type": "file", "parent": "d557c4b3-880f-4cfa-b54e-887d26689706", "path": "testcases/a6428557-f9eb-403a-86b4-dfb051e53a3c/登录系统--完善个人邮箱 (1).doc", "size": 247808, "file_ext": ".doc", "mime_type": "application/msword", "storage_type": "local", "storage_path": "testcases/a6428557-f9eb-403a-86b4-dfb051e53a3c\\20260106084333669507_登录系统--完善个人邮箱 (1).doc", "url": "testcases/a6428557-f9eb-403a-86b4-dfb051e53a3c\\20260106084333669507_登录系统--完善个人邮箱 (1).doc", "thumbnail_url": null, "md5": "1c6605f82610ff2f955b9dece17282de", "is_public": false, "download_count": 0}}, {"model": "core.filemanager", "pk": "e82f3d39-aeff-4b9e-bee2-bceed802e9f8", "fields": {"sys_creator": "a0000000-0000-0000-0000-000000000001", "sys_create_datetime": "2026-01-07T16:07:27.908", "sys_modifier": null, "sys_update_datetime": "2026-01-07T16:07:27.908", "is_deleted": false, "sort": 0, "name": "data8.out", "type": "file", "parent": "2d2b9e39-dca7-4a29-bdc0-a23cb0e99771", "path": "testcases/b167ac35-591e-4d1c-8e5b-e9641f1de9e7/data8.out", "size": 11, "file_ext": ".out", "mime_type": "application/octet-stream", "storage_type": "local", "storage_path": "testcases/b167ac35-591e-4d1c-8e5b-e9641f1de9e7\\20260107160727907705_data8.out", "url": "testcases/b167ac35-591e-4d1c-8e5b-e9641f1de9e7\\20260107160727907705_data8.out", "thumbnail_url": null, "md5": "d81b687eb22d82d40b0524c93db3cf7c", "is_public": false, "download_count": 0}}, {"model": "core.filemanager", "pk": "ea060e1f-6c63-4af6-a66c-47977039b955", "fields": {"sys_creator": "a0000000-0000-0000-0000-000000000001", "sys_create_datetime": "2026-01-02T22:25:56.934", "sys_modifier": null, "sys_update_datetime": "2026-01-02T22:25:56.934", "is_deleted": false, "sort": 0, "name": "install-x64 (2).msi", "type": "file", "parent": "2257251d-0146-46c5-9209-ca48b3055496", "path": "testcases/3/install-x64 (2).msi", "size": 6189056, "file_ext": ".msi", "mime_type": "application/octet-stream", "storage_type": "local", "storage_path": "testcases/3\\20260102222556906642_install-x64 (2).msi", "url": "testcases/3\\20260102222556906642_install-x64 (2).msi", "thumbnail_url": null, "md5": "c808d69b5fb7928bb1f088f5df387172", "is_public": false, "download_count": 0}}, {"model": "core.filemanager", "pk": "eb1e5b4b-fe58-442a-89c0-eaabdbb61679", "fields": {"sys_creator": "a0000000-0000-0000-0000-000000000001", "sys_create_datetime": "2026-01-06T08:43:33.681", "sys_modifier": null, "sys_update_datetime": "2026-01-06T08:43:33.681", "is_deleted": false, "sort": 0, "name": "My_PhD_applicant_CV__Cn_.pdf", "type": "file", "parent": "d557c4b3-880f-4cfa-b54e-887d26689706", "path": "testcases/a6428557-f9eb-403a-86b4-dfb051e53a3c/My_PhD_applicant_CV__Cn_.pdf", "size": 3737259, "file_ext": ".pdf", "mime_type": "application/pdf", "storage_type": "local", "storage_path": "testcases/a6428557-f9eb-403a-86b4-dfb051e53a3c\\20260106084333671510_My_PhD_applicant_CV__Cn_.pdf", "url": "testcases/a6428557-f9eb-403a-86b4-dfb051e53a3c\\20260106084333671510_My_PhD_applicant_CV__Cn_.pdf", "thumbnail_url": null, "md5": "7d18994cbc26533c400c35613437806d", "is_public": false, "download_count": 0}}, {"model": "core.filemanager", "pk": "ee45d872-ade7-463e-9ab3-29bdf0880ee5", "fields": {"sys_creator": "a0000000-0000-0000-0000-000000000001", "sys_create_datetime": "2025-12-31T23:49:27.572", "sys_modifier": null, "sys_update_datetime": "2025-12-31T23:49:27.572", "is_deleted": false, "sort": 0, "name": "testcases", "type": "folder", "parent": null, "path": "testcases", "size": 0, "file_ext": null, "mime_type": null, "storage_type": "local", "storage_path": "", "url": null, "thumbnail_url": null, "md5": null, "is_public": false, "download_count": 0}}, {"model": "problem.tag", "pk": "269052e1-1702-4871-abbb-803da33bb350", "fields": {"name": "新标签测试"}}, {"model": "problem.tag", "pk": "3ba1ea68-fb22-461b-a034-dd8a716dfe54", "fields": {"name": "算法"}}, {"model": "problem.tag", "pk": "6908509a-6716-4f8a-8086-75aca9c1d039", "fields": {"name": "dp"}}, {"model": "problem.tag", "pk": "d6aac958-4582-4ae1-b949-ee4cb39ed2e2", "fields": {"name": "线性筛"}}, {"model": "problem.tag", "pk": "f7ebe5b6-86d5-4e6f-beca-9ef66de34f26", "fields": {"name": "lzz"}}, {"model": "problem.problem", "pk": "39e3ad7d-d8ff-448f-8200-f54e266726e0", "fields": {"title": "法国大使馆犯得上", "description": "广泛大锅饭", "input_description": "国防大厦股份", "output_description": "广泛大使馆", "analysis": "", "difficulty": 5, "is_public": false, "time_limit": 2000, "memory_limit": 256, "problem_setter": "a0000000-0000-0000-0000-000000000001", "created_at": "2026-01-05T09:47:40.316", "updated_at": "2026-01-05T09:47:40.316", "step_title_done": 1, "step_limit_done": 2, "step_description_done": 1, "step_input_description_done": 1, "step_output_description_done": 1, "step_example_done": 0, "step_hint_done": 2, "step_testcase_done": 0, "step_solution_done": 0, "tags": []}}, {"model": "problem.problem", "pk": "60e8fd88-416a-47c7-91a2-e02d7627a075", "fields": {"title": "fdsafdsa", "description": "fdsafdsafdsa", "input_description": "fdsafdsafdsa", "output_description": "fdsafdsafdsa", "analysis": "fdsafdsafdsa", "difficulty": 5, "is_public": true, "time_limit": 1000, "memory_limit": 256, "problem_setter": "a0000000-0000-0000-0000-000000000001", "created_at": "2026-01-06T09:09:52.464", "updated_at": "2026-01-07T11:31:38.887", "step_title_done": 2, "step_limit_done": 2, "step_description_done": 2, "step_input_description_done": 2, "step_output_description_done": 2, "step_example_done": 0, "step_hint_done": 2, "step_testcase_done": 0, "step_solution_done": 2, "tags": []}}, {"model": "problem.problem", "pk": "b167ac35-591e-4d1c-8e5b-e9641f1de9e7", "fields": {"title": "fdsafdsa", "description": "fdsafds", "input_description": "fdsafdas", "output_description": "fdsafdsa", "analysis": "fdsa", "difficulty": 3, "is_public": true, "time_limit": 1000, "memory_limit": 256, "problem_setter": "a0000000-0000-0000-0000-000000000001", "created_at": "2026-01-06T09:43:38.546", "updated_at": "2026-01-07T11:34:08.934", "step_title_done": 2, "step_limit_done": 2, "step_description_done": 1, "step_input_description_done": 2, "step_output_description_done": 2, "step_example_done": 2, "step_hint_done": 2, "step_testcase_done": 2, "step_solution_done": 2, "tags": []}}, {"model": "problem.problem", "pk": "b530c3cc-c02f-4a5b-9498-5584b2847d7f", "fields": {"title": "富士达", "description": "范德萨发达", "input_description": "", "output_description": "", "analysis": "", "difficulty": 3, "is_public": false, "time_limit": 0, "memory_limit": 0, "problem_setter": "3dc41971-7edc-49ad-b1d3-03fd5d22184a", "created_at": "2026-01-05T09:57:06.425", "updated_at": "2026-01-06T14:31:07.177", "step_title_done": 2, "step_limit_done": 2, "step_description_done": 2, "step_input_description_done": 2, "step_output_description_done": 2, "step_example_done": 0, "step_hint_done": 2, "step_testcase_done": 0, "step_solution_done": 0, "tags": []}}, {"model": "problem.example", "pk": "084e014b-2d9b-4c8e-ad40-883b74ea4953", "fields": {"problem": "60e8fd88-416a-47c7-91a2-e02d7627a075", "input_data": "fdsafsd", "output_data": "fdsafdsafdsa", "created_at": "2026-01-06T09:09:52.476"}}, {"model": "problem.example", "pk": "323cf80b-fcb3-4056-b30a-7ac35528c49f", "fields": {"problem": "39e3ad7d-d8ff-448f-8200-f54e266726e0", "input_data": "供奉的是", "output_data": "供奉的是", "created_at": "2026-01-05T09:47:40.316"}}, {"model": "problem.example", "pk": "72072999-e1c1-4eff-9d52-9828e18204df", "fields": {"problem": "b167ac35-591e-4d1c-8e5b-e9641f1de9e7", "input_data": "", "output_data": "", "created_at": "2026-01-06T09:43:38.548"}}, {"model": "problem.example", "pk": "d5cb27fd-5765-479a-9cd8-80d26c363f1f", "fields": {"problem": "b530c3cc-c02f-4a5b-9498-5584b2847d7f", "input_data": "", "output_data": "", "created_at": "2026-01-05T09:57:06.427"}}, {"model": "problem.testcase", "pk": "755514a4-fd10-4b9a-8cbe-b69761aaf239", "fields": {"problem": "b167ac35-591e-4d1c-8e5b-e9641f1de9e7", "size": 13, "input_filename": "data1.in", "output_filename": "data1.out", "input_file": "0c626b2b-0527-4c45-933a-8f068b15c7e3", "output_file": "7a2d4d97-d1c0-48a9-8475-e28b3cccd236", "weight": 10, "created_at": "2026-01-07T16:07:27.817"}}, {"model": "problem.testcase", "pk": "bee9f0b8-93f7-44ba-aede-8a6a5296d6fc", "fields": {"problem": "b167ac35-591e-4d1c-8e5b-e9641f1de9e7", "size": 18, "input_filename": "data2.in", "output_filename": "data2.out", "input_file": "c91e1fe2-9987-47ad-b245-54f7f397000a", "output_file": "5a84456d-cca1-457c-9d98-4d2b6e6ddfdb", "weight": 10, "created_at": "2026-01-07T16:07:27.843"}}, {"model": "problem.testcase", "pk": "dcbc7b2d-bbe6-439d-bfd2-de75e34ff567", "fields": {"problem": "b167ac35-591e-4d1c-8e5b-e9641f1de9e7", "size": 6777807, "input_filename": "data8.in", "output_filename": "data8.out", "input_file": "e591d7b2-e366-4d38-af9c-fa63b1fc5548", "output_file": "e82f3d39-aeff-4b9e-bee2-bceed802e9f8", "weight": 10, "created_at": "2026-01-07T16:07:27.908"}}, {"model": "problem.solution", "pk": "08b964d2-af42-4f01-a264-8011511bde63", "fields": {"problem": "39e3ad7d-d8ff-448f-8200-f54e266726e0", "user": "a0000000-0000-0000-0000-000000000001", "code": "rewrewrewrwe", "language": "Python", "description": "范德萨范德萨", "created_at": "2026-01-06T08:39:12.144"}}, {"model": "contest.usergroup", "pk": "56450b45-4460-4f37-b275-8aba93defc1d", "fields": {"name": "结训赛", "description": "", "a": "==", "creator": "3dc41971-7edc-49ad-b1d3-03fd5d22184a", "updated_at": "2026-01-07T12:21:57.482", "created_at": "2026-01-07T12:21:57.482", "members": ["3dc41971-7edc-49ad-b1d3-03fd5d22184a"]}}, {"model": "contest.usergroup", "pk": "f3520fb2-67da-4bbb-8b76-e2160e45aafd", "fields": {"name": "新生选拔赛出题组", "description": "第一次选拔塞", "a": "==", "creator": "a0000000-0000-0000-0000-000000000001", "updated_at": "2026-01-07T12:20:53.476", "created_at": "2026-01-06T10:46:24.283", "members": ["f63b06c8-530d-469c-9fa5-97b06016c09c", "3dc41971-7edc-49ad-b1d3-03fd5d22184a", "a0000000-0000-0000-0000-000000000001"]}}, {"model": "contest.contest", "pk": "1a4caae7-b437-4b77-8547-b0dac550e66d", "fields": {"title": "结训赛", "contest_start_time": "2026-01-08T12:00:00", "contest_end_time": "2026-01-08T17:00:00", "description": "", "notice": "", "is_public": false, "updated_at": "2026-01-07T12:24:03.469", "created_at": "2026-01-07T12:24:03.469", "creator": "3dc41971-7edc-49ad-b1d3-03fd5d22184a", "freeze_time": 3600, "allowed_groups": ["56450b45-4460-4f37-b275-8aba93defc1d"]}}, {"model": "contest.contest", "pk": "a33f6704-c3e2-499e-a0f5-46f911536f93", "fields": {"title": "新比赛测试", "contest_start_time": "2026-01-06T10:00:00", "contest_end_time": "2026-01-06T23:00:00", "description": "ACM赛制", "notice": "", "is_public": false, "updated_at": "2026-01-07T11:34:25.753", "created_at": "2026-01-06T16:11:52.018", "creator": "a0000000-0000-0000-0000-000000000001", "freeze_time": 3600, "allowed_groups": ["f3520fb2-67da-4bbb-8b76-e2160e45aafd"]}}, {"model": "contest.contest", "pk": "acbe7c04-a78e-4f48-a77a-533d21045e86", "fields": {"title": "111", "contest_start_time": "2026-01-03T00:00:00", "contest_end_time": "2026-02-12T00:00:00", "description": "fdsasfd", "notice": "", "is_public": false, "updated_at": "2026-01-07T08:11:59.609", "created_at": "2026-01-06T12:01:46.711", "creator": "a0000000-0000-0000-0000-000000000001", "freeze_time": 3600, "allowed_groups": []}}, {"model": "contest.contest", "pk": "c4815c28-665f-4dab-8dd2-49bbd3609e33", "fields": {"title": "结训赛", "contest_start_time": "2026-01-06T00:00:00", "contest_end_time": "2026-02-14T00:00:00", "description": "发大水范德萨", "notice": "", "is_public": false, "updated_at": "2026-01-07T01:12:23.571", "created_at": "2026-01-06T11:53:56.446", "creator": "a0000000-0000-0000-0000-000000000001", "freeze_time": 3600, "allowed_groups": ["f3520fb2-67da-4bbb-8b76-e2160e45aafd"]}}, {"model": "contest.virtualproblem", "pk": "7e8998fe-123c-462d-9625-51f4ca141e99", "fields": {"name": "法国大使馆", "contest": "a33f6704-c3e2-499e-a0f5-46f911536f93", "is_bound": true, "description": "凸轮", "author": "3dc41971-7edc-49ad-b1d3-03fd5d22184a", "created_at": "2026-01-07T00:33:36.074", "real_problem": "b167ac35-591e-4d1c-8e5b-e9641f1de9e7", "order": 2, "color": "#409EFF"}}, {"model": "contest.virtualproblem", "pk": "b700af02-4f2b-4aac-8cdd-e037b2b666f1", "fields": {"name": "第二道题", "contest": "a33f6704-c3e2-499e-a0f5-46f911536f93", "is_bound": true, "description": "dp", "author": "a0000000-0000-0000-0000-000000000001", "created_at": "2026-01-06T16:13:03.309", "real_problem": "60e8fd88-416a-47c7-91a2-e02d7627a075", "order": 2, "color": "#409EFF"}}, {"model": "contest.virtualproblem", "pk": "ce272012-c653-458f-a811-b06e23c79b79", "fields": {"name": "星月夜", "contest": "acbe7c04-a78e-4f48-a77a-533d21045e86", "is_bound": true, "description": "图论", "author": "a0000000-0000-0000-0000-000000000001", "created_at": "2026-01-06T13:29:18.346", "real_problem": "b530c3cc-c02f-4a5b-9498-5584b2847d7f", "order": 0, "color": "#0d75e3"}}]
